utterance_id,model_key,reference_id,path,sample_rate,frames,channels,duration_seconds,checkpoint_step,sha256
U01,GT,1089_134686_000009_000008,audio/GT/U01.wav,24000,138480,1,5.77,,2ea6f32f65b888c6a6bcf1b72b383fcf4f633f6a3ef4803febca8cb227479356
U02,GT,1188_133604_000033_000000,audio/GT/U02.wav,24000,81841,1,3.410041666666667,,f615b162e4b9e7958f7467f1ea3ab8aaaab636f7f2808f4f78478a5e9ad1de81
U03,GT,1221_135766_000026_000005,audio/GT/U03.wav,24000,111120,1,4.63,,fdbbf0ca737a95b8d3ca8f0f970a73005cc196aad87afdfc419eb44640351afc
U04,GT,1580_141083_000079_000001,audio/GT/U04.wav,24000,76320,1,3.18,,73e443c6fab143358c02618e2333ca3032f0765290de1876c21d6ebfa01b86aa
U05,GT,1995_1826_000022_000001,audio/GT/U05.wav,24000,136560,1,5.69,,2a553e76157f77554756219500181b7edd3814545e2c10b6b0f29c5db0a282ed
U06,GT,2300_131720_000016_000014,audio/GT/U06.wav,24000,101042,1,4.210083333333333,,6c308739ac05a743331bddc2ade1fb161967f5ed3a90d0d6dcdab9b4022dbaa0
U07,GT,260_123288_000009_000000,audio/GT/U07.wav,24000,106560,1,4.44,,704546819fe00c0e12281858d295622e24031fed4948f66ab547523113e72754
U08,GT,2961_961_000004_000024,audio/GT/U08.wav,24000,100560,1,4.19,,b18f5666dcfee8de6950ad5056543c16c16a6837781270d714e858310b189a25
U09,GT,3570_5696_000008_000002,audio/GT/U09.wav,24000,100798,1,4.199916666666667,,f8394fda0778561803c575a70a7956ff980ed40f89c34ce08a16d22bd5e32377
U10,GT,3575_170457_000044_000011,audio/GT/U10.wav,24000,135841,1,5.660041666666666,,ff2cfb184631364181505ffe5a08e822bbdb91767e637ff5d29a922e85c90e7f
U11,GT,4077_13754_000010_000000,audio/GT/U11.wav,24000,78960,1,3.29,,e01ad3c25d340686196bc2293f2dcb04664f9d519dfe1e96c00610f558dd7011
U12,GT,4446_2273_000002_000006,audio/GT/U12.wav,24000,97920,1,4.08,,b296a3e0f8a04b3e24114b48977569d07620ceb04836120ec3af6a6fd4262254
U13,GT,4970_29093_000002_000000,audio/GT/U13.wav,24000,79440,1,3.31,,dd12c8cc3dca16271862ccb7f062bbbf34bf9f89b9c7a462a7878a071982b65d
U14,GT,4992_41797_000025_000007,audio/GT/U14.wav,24000,102481,1,4.270041666666667,,c6fa4f54e5de894888e2289be0dba09b2e363b301d59b4e23463a9b65de0aee4
U15,GT,5142_36586_000009_000003,audio/GT/U15.wav,24000,116159,1,4.839958333333334,,24549e6cb9aa0fdb847f156bdc3d2f0a94d926416eaf6654282667245f868321
U16,GT,6829_68769_000053_000000,audio/GT/U16.wav,24000,129840,1,5.41,,7b2258a4d8d0bd78944f49aa749291da736cc87d8c816eafcf560077a9112543
U17,GT,7127_75946_000040_000011,audio/GT/U17.wav,24000,84719,1,3.5299583333333335,,3da1a6b98041575f0fa3cb25d458f80877af5a559ca3e2ceb5abea9e5b8d7630
U18,GT,7176_92135_000083_000003,audio/GT/U18.wav,24000,107279,1,4.4699583333333335,,41fc2cbc691c84076319358c713f3f35e5c61675d3be33a2275d700e78a22950
U19,GT,8555_284447_000022_000001,audio/GT/U19.wav,24000,93600,1,3.9,,d1b701561b5591308519abf4dddfd655e0e796b1846c3290c32434476f5f0dd0
U20,GT,908_31957_000013_000000,audio/GT/U20.wav,24000,120240,1,5.01,,b156c4eb022f795c738861954dd84a388b9ea6bf184077e8842d079fe489b708
U01,Snake_MPD_MRD,1089_134686_000009_000008,audio/Snake_MPD_MRD/U01.wav,24000,138240,1,5.76,339000,5ff56bb1210da17e399bffa48ab2fde16f4f766fd5cb39ad063c59de8c4cb779
U02,Snake_MPD_MRD,1188_133604_000033_000000,audio/Snake_MPD_MRD/U02.wav,24000,81664,1,3.4026666666666667,339000,34d21d6f932843aaff123ae81621a71fbd2cbffb5fe403765a495a2c221a9847
U03,Snake_MPD_MRD,1221_135766_000026_000005,audio/Snake_MPD_MRD/U03.wav,24000,111104,1,4.629333333333333,339000,c53ab2678f2f7e197f0c5c305a1c915cd67d495843e90eb9193ddb0a535d2768
U04,Snake_MPD_MRD,1580_141083_000079_000001,audio/Snake_MPD_MRD/U04.wav,24000,76288,1,3.1786666666666665,339000,96a4cad48b0d2add8ad0f6a901a78b34311b46ee63cd75c3819ee4eb13e623bc
U05,Snake_MPD_MRD,1995_1826_000022_000001,audio/Snake_MPD_MRD/U05.wav,24000,136448,1,5.685333333333333,339000,53f8af9ac1cdd2492fd0ccb578b91055d84c22b10fcced9d85ed705f5ad8ce28
U06,Snake_MPD_MRD,2300_131720_000016_000014,audio/Snake_MPD_MRD/U06.wav,24000,100864,1,4.2026666666666666,339000,5eb460ca145095083b189a8aca15fa135de8d983e4f78dc5cfe87f9caec8e8e1
U07,Snake_MPD_MRD,260_123288_000009_000000,audio/Snake_MPD_MRD/U07.wav,24000,106496,1,4.437333333333333,339000,1caffd8002d83412c9edcc05770c5d2e21ac5a2b912be3493c3e39d2a2be5ec1
U08,Snake_MPD_MRD,2961_961_000004_000024,audio/Snake_MPD_MRD/U08.wav,24000,100352,1,4.181333333333333,339000,c350bac89908d577c79f9984b46dab31a4c86701b4432c1b639bc7e0628461ed
U09,Snake_MPD_MRD,3570_5696_000008_000002,audio/Snake_MPD_MRD/U09.wav,24000,100608,1,4.192,339000,23e5f9e3cd0f7a47cdd83dac992e421f54f8b50dfc36dd5accc5f1d473696cb5
U10,Snake_MPD_MRD,3575_170457_000044_000011,audio/Snake_MPD_MRD/U10.wav,24000,135680,1,5.653333333333333,339000,719096e64cc26d6a8afd6c282e987c2b026f1f084648be1f05d696459feaed92
U11,Snake_MPD_MRD,4077_13754_000010_000000,audio/Snake_MPD_MRD/U11.wav,24000,78848,1,3.2853333333333334,339000,8bc004828b2e6239e08c2d6ecfd0174c7fbf546e479239127ed1f4ad0748eb44
U12,Snake_MPD_MRD,4446_2273_000002_000006,audio/Snake_MPD_MRD/U12.wav,24000,97792,1,4.074666666666666,339000,bcc35b08148c0a7371ef86a6e3ba780d5dcd225490f7fe8842ec00d38d633e58
U13,Snake_MPD_MRD,4970_29093_000002_000000,audio/Snake_MPD_MRD/U13.wav,24000,79360,1,3.3066666666666666,339000,3c4950be05225962e2e8355efcdc2248c6a8a65f87e04767b387fe1922a1fce2
U14,Snake_MPD_MRD,4992_41797_000025_000007,audio/Snake_MPD_MRD/U14.wav,24000,102400,1,4.266666666666667,339000,c7d95a3949b87d7bac2f4a58d64ca4389835dff11af94c0dc59a36ffc7af8824
U15,Snake_MPD_MRD,5142_36586_000009_000003,audio/Snake_MPD_MRD/U15.wav,24000,115968,1,4.832,339000,1bd5335bb0046b4476a67afb9849e1b71555510e893c082f042d967675cb4c40
U16,Snake_MPD_MRD,6829_68769_000053_000000,audio/Snake_MPD_MRD/U16.wav,24000,129792,1,5.408,339000,9f809ef0d66d160ffbc7209be8cc0eebcae8ddc3da195b64e90c947257e205c1
U17,Snake_MPD_MRD,7127_75946_000040_000011,audio/Snake_MPD_MRD/U17.wav,24000,84480,1,3.52,339000,2b79a8e4ba897982a030a85aedd182a506f0445712e516e8d46e6a96fffa4d18
U18,Snake_MPD_MRD,7176_92135_000083_000003,audio/Snake_MPD_MRD/U18.wav,24000,107264,1,4.469333333333333,339000,324a14a2c35b757c0153706550c16099828f84a33640e6ac50ee8edbb756960a
U19,Snake_MPD_MRD,8555_284447_000022_000001,audio/Snake_MPD_MRD/U19.wav,24000,93440,1,3.8933333333333335,339000,bbce089ac5c45baa0a4fced23f2590a4713d6906039523d65f0ea41570197633
U20,Snake_MPD_MRD,908_31957_000013_000000,audio/Snake_MPD_MRD/U20.wav,24000,120064,1,5.002666666666666,339000,678c70b5788243745022f3e37b41e503b507480e53a2b92eaff6da9068ad8511
U01,Snake_MRD_only,1089_134686_000009_000008,audio/Snake_MRD_only/U01.wav,24000,138240,1,5.76,355000,d78ee0d2c47fec30db09068ef0e7b7602a41d97668a0fc1d636bccacd7b2025d
U02,Snake_MRD_only,1188_133604_000033_000000,audio/Snake_MRD_only/U02.wav,24000,81664,1,3.4026666666666667,355000,bc8c58f1f121b66de632e93f6cd50f2c138dfe929b25075c231f0d2036861006
U03,Snake_MRD_only,1221_135766_000026_000005,audio/Snake_MRD_only/U03.wav,24000,111104,1,4.629333333333333,355000,92eabfe419bcf0bcab7f150fbb5ed5e82735df5ad024be2fe4812a0b1a224e40
U04,Snake_MRD_only,1580_141083_000079_000001,audio/Snake_MRD_only/U04.wav,24000,76288,1,3.1786666666666665,355000,c892976785c71396eef1667a2567b6f6720a5319bce8017851096fc501b8fff0
U05,Snake_MRD_only,1995_1826_000022_000001,audio/Snake_MRD_only/U05.wav,24000,136448,1,5.685333333333333,355000,2f09af3a2b1ab743ed6f3c806522e845e5b4f76e62dbe6799ad7a6e8e09da41e
U06,Snake_MRD_only,2300_131720_000016_000014,audio/Snake_MRD_only/U06.wav,24000,100864,1,4.2026666666666666,355000,e6969b3768ccdfb3c92f13e92fb13f00576fbc7ca4b6bd1bfc5c12c48317d1ad
U07,Snake_MRD_only,260_123288_000009_000000,audio/Snake_MRD_only/U07.wav,24000,106496,1,4.437333333333333,355000,7c21c683747ae8ac52f44afc79f27705b06a049370f36a9f86706ef5be2f037b
U08,Snake_MRD_only,2961_961_000004_000024,audio/Snake_MRD_only/U08.wav,24000,100352,1,4.181333333333333,355000,6f7cbf5737b4b01e0029d3adc4291cb644989cdc6fd5c4c4b5b8791448e94930
U09,Snake_MRD_only,3570_5696_000008_000002,audio/Snake_MRD_only/U09.wav,24000,100608,1,4.192,355000,0af263768b9843527b1586abf7fb11a0a2cec242ec015a79523eb2d94aab5536
U10,Snake_MRD_only,3575_170457_000044_000011,audio/Snake_MRD_only/U10.wav,24000,135680,1,5.653333333333333,355000,bf02cdbdb53284b0c0638cd7f4edccad809f94c9d6dd2433c18d1132e772f54a
U11,Snake_MRD_only,4077_13754_000010_000000,audio/Snake_MRD_only/U11.wav,24000,78848,1,3.2853333333333334,355000,c99eda59bfd11640e60a1545c4b2d24cf8b89decf8e667fe0c37356f049b27a5
U12,Snake_MRD_only,4446_2273_000002_000006,audio/Snake_MRD_only/U12.wav,24000,97792,1,4.074666666666666,355000,2846d59c7a55060248fbaeba5102d95605196cc8eb1b52694de139b377c3f2ec
U13,Snake_MRD_only,4970_29093_000002_000000,audio/Snake_MRD_only/U13.wav,24000,79360,1,3.3066666666666666,355000,3e307e5e012429ce8f562c7ba37870d3b94de1f488f6ce0a0b03032455c47ece
U14,Snake_MRD_only,4992_41797_000025_000007,audio/Snake_MRD_only/U14.wav,24000,102400,1,4.266666666666667,355000,9162f525d5b71f2d29bc05ffb0d196db6e52d36c07856f1a8bfd12ac801e6a9e
U15,Snake_MRD_only,5142_36586_000009_000003,audio/Snake_MRD_only/U15.wav,24000,115968,1,4.832,355000,7dabacaddebfe983ff3408877a61fee7e9f0cfaddc95f872be12d1eb1063251f
U16,Snake_MRD_only,6829_68769_000053_000000,audio/Snake_MRD_only/U16.wav,24000,129792,1,5.408,355000,b2ed6fffc166ed17dbc441ef06765945b2bb890bc3f7bb17d0196b1d841c5bc0
U17,Snake_MRD_only,7127_75946_000040_000011,audio/Snake_MRD_only/U17.wav,24000,84480,1,3.52,355000,74c17e513e959d74a1fbfb65b6faff46d3e9e618d2db36f61f91782f66e5f98a
U18,Snake_MRD_only,7176_92135_000083_000003,audio/Snake_MRD_only/U18.wav,24000,107264,1,4.469333333333333,355000,09fb9eb7dc894fbd2fff56ff555b41440f0e8a8bd39a297f4f96f5da5ba1e436
U19,Snake_MRD_only,8555_284447_000022_000001,audio/Snake_MRD_only/U19.wav,24000,93440,1,3.8933333333333335,355000,e32404f301dc4579857062e17e94fe30527eb7f1dbe6ab8193e2f4480be12c66
U20,Snake_MRD_only,908_31957_000013_000000,audio/Snake_MRD_only/U20.wav,24000,120064,1,5.002666666666666,355000,2512cf15673ccbac4e684dc89ed7d93920f5808b9f8cd0f90b6e0f87097cd794
U01,LeakyReLU_MPD_MRD,1089_134686_000009_000008,audio/LeakyReLU_MPD_MRD/U01.wav,24000,138240,1,5.76,429000,e4d7e507858af07d2fc1341a6b8941b3b3c28cd9e62e9e1b399570339221b818
U02,LeakyReLU_MPD_MRD,1188_133604_000033_000000,audio/LeakyReLU_MPD_MRD/U02.wav,24000,81664,1,3.4026666666666667,429000,c52079866e6234123cfe4202982f44969725e588ff3c244f06da5562c1ae2844
U03,LeakyReLU_MPD_MRD,1221_135766_000026_000005,audio/LeakyReLU_MPD_MRD/U03.wav,24000,111104,1,4.629333333333333,429000,7494454258441129736b7b61c792493260e0b2503228ca6a1f6c2bcc9c8e10fa
U04,LeakyReLU_MPD_MRD,1580_141083_000079_000001,audio/LeakyReLU_MPD_MRD/U04.wav,24000,76288,1,3.1786666666666665,429000,78bf913e3e7e67a4e542b2641e8ac3e7c0352e87b0254505c22474f6870fe259
U05,LeakyReLU_MPD_MRD,1995_1826_000022_000001,audio/LeakyReLU_MPD_MRD/U05.wav,24000,136448,1,5.685333333333333,429000,c91b638f38b260ab3fd663ef51b154aee1965c92232ff33c3cca7d3993d30182
U06,LeakyReLU_MPD_MRD,2300_131720_000016_000014,audio/LeakyReLU_MPD_MRD/U06.wav,24000,100864,1,4.2026666666666666,429000,414843f4ccc34c2e0d068b6c5f7a235cec545b42e1c80a694c9ce671d95b2f99
U07,LeakyReLU_MPD_MRD,260_123288_000009_000000,audio/LeakyReLU_MPD_MRD/U07.wav,24000,106496,1,4.437333333333333,429000,a04af8d96ea0594c96470b459a4fcc9f749044949e39cb46e19e2ccfb61d501b
U08,LeakyReLU_MPD_MRD,2961_961_000004_000024,audio/LeakyReLU_MPD_MRD/U08.wav,24000,100352,1,4.181333333333333,429000,1b4505774eacec4f1a1b75bc87c1d262a8a8d6ec584e7bf8dff2adbb7b7662a7
U09,LeakyReLU_MPD_MRD,3570_5696_000008_000002,audio/LeakyReLU_MPD_MRD/U09.wav,24000,100608,1,4.192,429000,e61617c9903cf1eed8e3271bbb5ecedeec6cd58c09718798b3ec5b3c4eb3cc56
U10,LeakyReLU_MPD_MRD,3575_170457_000044_000011,audio/LeakyReLU_MPD_MRD/U10.wav,24000,135680,1,5.653333333333333,429000,bbbef28a32a790e108ca54871123fc0469d04f1607690c676c5e574c8aab60f9
U11,LeakyReLU_MPD_MRD,4077_13754_000010_000000,audio/LeakyReLU_MPD_MRD/U11.wav,24000,78848,1,3.2853333333333334,429000,0e28b5e39b0f11be3205f79a049d711aa401cb5afcd01be8ca86b34765ed41e4
U12,LeakyReLU_MPD_MRD,4446_2273_000002_000006,audio/LeakyReLU_MPD_MRD/U12.wav,24000,97792,1,4.074666666666666,429000,4483525dae62f4690be2ea36a172b3e3b0b220276a9c52db672e8f8b269add55
U13,LeakyReLU_MPD_MRD,4970_29093_000002_000000,audio/LeakyReLU_MPD_MRD/U13.wav,24000,79360,1,3.3066666666666666,429000,e3710913a8202c0433e794a4b067f3c3956467be7a95746fac1003ecb8437d17
U14,LeakyReLU_MPD_MRD,4992_41797_000025_000007,audio/LeakyReLU_MPD_MRD/U14.wav,24000,102400,1,4.266666666666667,429000,cab596708e2fb62b9c70ee0c1b542e4c62209bd891ebd54f7f8dee08d98dce26
U15,LeakyReLU_MPD_MRD,5142_36586_000009_000003,audio/LeakyReLU_MPD_MRD/U15.wav,24000,115968,1,4.832,429000,395d8ff2190b8f490f76097011cfd0d76106d79f6012d979f5f3c787951ba024
U16,LeakyReLU_MPD_MRD,6829_68769_000053_000000,audio/LeakyReLU_MPD_MRD/U16.wav,24000,129792,1,5.408,429000,952a600c716654e98b21a69b44528e6bd5f3633915d372b683b7dd1fe2392b85
U17,LeakyReLU_MPD_MRD,7127_75946_000040_000011,audio/LeakyReLU_MPD_MRD/U17.wav,24000,84480,1,3.52,429000,4785e597569cca4b701e1108e60ddfbeebf52425ea249a7eb53bd7f7e62b92b2
U18,LeakyReLU_MPD_MRD,7176_92135_000083_000003,audio/LeakyReLU_MPD_MRD/U18.wav,24000,107264,1,4.469333333333333,429000,1384e831e2081c9402774528d45582a6e90e56f300a9a266d7780f69d3d87818
U19,LeakyReLU_MPD_MRD,8555_284447_000022_000001,audio/LeakyReLU_MPD_MRD/U19.wav,24000,93440,1,3.8933333333333335,429000,c1589265505d57fd7ad6551001a8085ca2aee5ce71080f6d46c8f87e65393ae3
U20,LeakyReLU_MPD_MRD,908_31957_000013_000000,audio/LeakyReLU_MPD_MRD/U20.wav,24000,120064,1,5.002666666666666,429000,f86614ed983029d6a90953684231a39bc51b70998550caafefc245b5916410f2
U01,LeakyReLU_MRD_only,1089_134686_000009_000008,audio/LeakyReLU_MRD_only/U01.wav,24000,138240,1,5.76,496000,de7bb4e5b538e8b7c01a46f96b502634a77476cffb4dc212814f4618fb25ad48
U02,LeakyReLU_MRD_only,1188_133604_000033_000000,audio/LeakyReLU_MRD_only/U02.wav,24000,81664,1,3.4026666666666667,496000,6e0260ebc44b8b21467a1e613acce4808a0585051dfdb9fa1e0b6900c20bd400
U03,LeakyReLU_MRD_only,1221_135766_000026_000005,audio/LeakyReLU_MRD_only/U03.wav,24000,111104,1,4.629333333333333,496000,e76a899180f03b3c706a3517cf6caaf2e98e49debb1b04dfe81b4d8dfbe56e1a
U04,LeakyReLU_MRD_only,1580_141083_000079_000001,audio/LeakyReLU_MRD_only/U04.wav,24000,76288,1,3.1786666666666665,496000,d44507c4edfb211b494035406e5fbd9bb5adf98b6f88f25345fbb4d8c6c0e618
U05,LeakyReLU_MRD_only,1995_1826_000022_000001,audio/LeakyReLU_MRD_only/U05.wav,24000,136448,1,5.685333333333333,496000,4513947892a4ce9c8645c7e123dceecf235eca91e1022afebc23f04e7a020feb
U06,LeakyReLU_MRD_only,2300_131720_000016_000014,audio/LeakyReLU_MRD_only/U06.wav,24000,100864,1,4.2026666666666666,496000,7a4e43bc4eb6471ed2867f133eb053514d8329d83b14849eadae409bc7ae75c6
U07,LeakyReLU_MRD_only,260_123288_000009_000000,audio/LeakyReLU_MRD_only/U07.wav,24000,106496,1,4.437333333333333,496000,c3900911a0f80f669cd0f91485b335c708dd7b59b9fd1bd397a08226395465a7
U08,LeakyReLU_MRD_only,2961_961_000004_000024,audio/LeakyReLU_MRD_only/U08.wav,24000,100352,1,4.181333333333333,496000,ca2ff1f9c8b9f59adc0a09411f1128905af638b3675b8439f53b4c40c34ca653
U09,LeakyReLU_MRD_only,3570_5696_000008_000002,audio/LeakyReLU_MRD_only/U09.wav,24000,100608,1,4.192,496000,5e4bcfa0ab7b9df94d1663df10e8aaf81324d9aa8f537aff54c8786dad491b37
U10,LeakyReLU_MRD_only,3575_170457_000044_000011,audio/LeakyReLU_MRD_only/U10.wav,24000,135680,1,5.653333333333333,496000,80e549fc9e7785149a5235cb098f6c2f54fa69f961564a711b2ad7670acac0bd
U11,LeakyReLU_MRD_only,4077_13754_000010_000000,audio/LeakyReLU_MRD_only/U11.wav,24000,78848,1,3.2853333333333334,496000,44f8c39893078088f2bbbaf3b67361e2f5b42691c44520eeddfb7d1922d017f5
U12,LeakyReLU_MRD_only,4446_2273_000002_000006,audio/LeakyReLU_MRD_only/U12.wav,24000,97792,1,4.074666666666666,496000,a64330ac16576e597bc397635c1d1600130790999804b709c6f66cbacca55552
U13,LeakyReLU_MRD_only,4970_29093_000002_000000,audio/LeakyReLU_MRD_only/U13.wav,24000,79360,1,3.3066666666666666,496000,a66f0beda82bac7e763ec517b4696fb08201defc949902054abf53fc1752214a
U14,LeakyReLU_MRD_only,4992_41797_000025_000007,audio/LeakyReLU_MRD_only/U14.wav,24000,102400,1,4.266666666666667,496000,29f91cf1849620ef924bbbe1d88e7a7cf809f04dfa140e6b0f5a4b0db27458cc
U15,LeakyReLU_MRD_only,5142_36586_000009_000003,audio/LeakyReLU_MRD_only/U15.wav,24000,115968,1,4.832,496000,2a299dc70d48fa0f35ab53ff13303b1b794244a6fa033839e3286a88e2c96baf
U16,LeakyReLU_MRD_only,6829_68769_000053_000000,audio/LeakyReLU_MRD_only/U16.wav,24000,129792,1,5.408,496000,1ced50cdd5f9ccc9f52f3a39ad453a88dfc7ef7371ece74c0afbcaa963683cf8
U17,LeakyReLU_MRD_only,7127_75946_000040_000011,audio/LeakyReLU_MRD_only/U17.wav,24000,84480,1,3.52,496000,00f0c5a83b89acf291b9649a4edb6b114cc219bd779ca61fa2ef4e0a58b83233
U18,LeakyReLU_MRD_only,7176_92135_000083_000003,audio/LeakyReLU_MRD_only/U18.wav,24000,107264,1,4.469333333333333,496000,e0f1963534dee21909311f83ad8f2624cdbf276936a0191f792a93a34d5e6080
U19,LeakyReLU_MRD_only,8555_284447_000022_000001,audio/LeakyReLU_MRD_only/U19.wav,24000,93440,1,3.8933333333333335,496000,2d63a6ddd22e0a262e719d7046140f3b7494cd3b8d3f09626e4e8b9bf60703e0
U20,LeakyReLU_MRD_only,908_31957_000013_000000,audio/LeakyReLU_MRD_only/U20.wav,24000,120064,1,5.002666666666666,496000,b9e67826820833c5f56c6a96313369ba042c40c00a16cd8815d43a7776a24394
U01,HiFiGAN_AMP,1089_134686_000009_000008,audio/HiFiGAN_AMP/U01.wav,24000,138240,1,5.76,384000,112d0bc266c5d7c7abd0bd872f6a28688668f2df89cb34ce3b2ed9ee56beaac1
U02,HiFiGAN_AMP,1188_133604_000033_000000,audio/HiFiGAN_AMP/U02.wav,24000,81664,1,3.4026666666666667,384000,e22e85d951acd0cb340547606a6a6951a82bffcd2b2ca3c2f38c9be12e9b641f
U03,HiFiGAN_AMP,1221_135766_000026_000005,audio/HiFiGAN_AMP/U03.wav,24000,111104,1,4.629333333333333,384000,d2a0a7356fafa24445091f78cf6fe0e97fa6809d8871eaefe33f03f13456332c
U04,HiFiGAN_AMP,1580_141083_000079_000001,audio/HiFiGAN_AMP/U04.wav,24000,76288,1,3.1786666666666665,384000,09789d92acf4295fb1516fa317f5cc28e3589e3173942d91beddda8e248d45c3
U05,HiFiGAN_AMP,1995_1826_000022_000001,audio/HiFiGAN_AMP/U05.wav,24000,136448,1,5.685333333333333,384000,c6e86319a7150cf56436902345ce457e545306d1fd28a000038ad45b1174caa0
U06,HiFiGAN_AMP,2300_131720_000016_000014,audio/HiFiGAN_AMP/U06.wav,24000,100864,1,4.2026666666666666,384000,4790a553b034c5cdcba7c7213c34134007e2ab80b2a77565b39fb7fdf3305e9d
U07,HiFiGAN_AMP,260_123288_000009_000000,audio/HiFiGAN_AMP/U07.wav,24000,106496,1,4.437333333333333,384000,cdf7cd02919b8c7e8548729d439d0a9d65548c1223089c4dc1a42a83a7fe6ee6
U08,HiFiGAN_AMP,2961_961_000004_000024,audio/HiFiGAN_AMP/U08.wav,24000,100352,1,4.181333333333333,384000,34501409138f9ae74a43102b3bb66ae86d66c84502ed3f3abe85b17db6a10d6a
U09,HiFiGAN_AMP,3570_5696_000008_000002,audio/HiFiGAN_AMP/U09.wav,24000,100608,1,4.192,384000,4db5ad273b5fd53702d64d222c85c31619bf4adf6403590cb988950192d1fbf6
U10,HiFiGAN_AMP,3575_170457_000044_000011,audio/HiFiGAN_AMP/U10.wav,24000,135680,1,5.653333333333333,384000,942a12ef244b58dd69983a66a69597f13ced9ee5f42d8e8ffb96b3d3c559e430
U11,HiFiGAN_AMP,4077_13754_000010_000000,audio/HiFiGAN_AMP/U11.wav,24000,78848,1,3.2853333333333334,384000,dde357527d1a047bb625bfe2e881c2283eca5afe0a133ff1f9f50c65618e518a
U12,HiFiGAN_AMP,4446_2273_000002_000006,audio/HiFiGAN_AMP/U12.wav,24000,97792,1,4.074666666666666,384000,58bf4d85f077aaaaf6646faa639a05e5c3a4da7ce47939d5c0861f80977c3a81
U13,HiFiGAN_AMP,4970_29093_000002_000000,audio/HiFiGAN_AMP/U13.wav,24000,79360,1,3.3066666666666666,384000,80271d3808df1b6d5fa62c31c18145de39d40ee0eb89171bcdb5edc7bfe515cb
U14,HiFiGAN_AMP,4992_41797_000025_000007,audio/HiFiGAN_AMP/U14.wav,24000,102400,1,4.266666666666667,384000,be9c0cbf74d7f5f867ac78b271aca7df3bea13c5e461d1eac0a1cba31d4eb9d5
U15,HiFiGAN_AMP,5142_36586_000009_000003,audio/HiFiGAN_AMP/U15.wav,24000,115968,1,4.832,384000,13915cae8a00bd5a47582b3c2b6ef2c7292ced2a244d34830b9fa99e2cf10197
U16,HiFiGAN_AMP,6829_68769_000053_000000,audio/HiFiGAN_AMP/U16.wav,24000,129792,1,5.408,384000,c48534c64325f8c6817c34f89937ed594e473e9cb059bea57c57739f395a1048
U17,HiFiGAN_AMP,7127_75946_000040_000011,audio/HiFiGAN_AMP/U17.wav,24000,84480,1,3.52,384000,78646d0e7ccd1e7fe31cce292c5f73cb38c4085ea8ba94eb0cb3c987cc956e5e
U18,HiFiGAN_AMP,7176_92135_000083_000003,audio/HiFiGAN_AMP/U18.wav,24000,107264,1,4.469333333333333,384000,85600b9d08c7c3f6a06a7994012d7dc3ca278574e90d9467347ced0f3dada956
U19,HiFiGAN_AMP,8555_284447_000022_000001,audio/HiFiGAN_AMP/U19.wav,24000,93440,1,3.8933333333333335,384000,ac00155a807897039ef7a87bfbb354aa6f862c6ae0c15a0c77a779d50d592e05
U20,HiFiGAN_AMP,908_31957_000013_000000,audio/HiFiGAN_AMP/U20.wav,24000,120064,1,5.002666666666666,384000,79e9997951d64b5ac40e3fc0fb6767fdd88279530fa9ba677d07b381b2ba457d
