task,condition,n_listeners,n_utterances,mean,listener_sd,ci95_low,ci95_high
mos,LeakyReLU_MPD_MRD,20,20,3.0874999999999995,0.6134190205209177,2.800411061280219,3.37458893871978
mos,Snake_MRD_only,20,20,2.605,0.6573271235605763,2.297361436503098,2.912638563496902
mos,GT,20,20,3.5050000000000003,0.49067622511666154,3.275356457802458,3.7346435421975426
mos,Snake_MPD_MRD,20,20,3.2825,0.552571738614806,3.023888465798219,3.5411115342017814
mos,HiFiGAN_AMP,20,20,3.2324999999999995,0.48511393127366426,3.005459691453213,3.459540308546786
mos,LeakyReLU_MRD_only,20,20,2.4850000000000003,0.6729940955399081,2.1700290679132244,2.7999709320867763
mos_paired_full_minus_mrd_only,Snake,20,20,0.6775000000000001,0.3122393649952415,0.5313674789593272,0.823632521040673
mos_paired_full_minus_mrd_only,LeakyReLU,20,20,0.6024999999999998,0.3625476375232422,0.43282248265871626,0.7721775173412834
cmos_full_minus_mrd_only,Snake,20,20,0.7050000000000001,0.5399561385695577,0.452292748363875,0.9577072516361251
cmos_full_minus_mrd_only,LeakyReLU,20,20,0.5974999999999999,0.5827509624277993,0.32476415428192207,0.8702358457180778
