activation,metric,family,n_common,mean_full,mean_mrd_only,raw_full_minus_only,benefit_full,ci95_low,ci95_high,mean_favors,ci_excludes_zero
Snake,mcd,Spectral reconstruction,20,2.602097855513823,2.5100839310702416,0.09201392444358156,-0.09201392444358156,-0.12411124545773877,-0.06110040873895831,MRD only,True
Snake,plcc,Spectral reconstruction,20,0.987301129102707,0.9921327948570251,-0.004831665754318237,-0.004831665754318237,-0.005578823611140251,-0.004087783023715019,MRD only,True
Snake,ssim,Spectral reconstruction,20,0.9532139487955164,0.9608099070725287,-0.007595958277012388,-0.007595958277012388,-0.009900297412131049,-0.005309043512750932,MRD only,True
Snake,mstft,Spectral reconstruction,20,0.5945037543773651,0.5571252137422562,0.037378540635108946,-0.037378540635108946,-0.05407846771180629,-0.020555555894970923,MRD only,True
Snake,pesq,Intrusive perceptual proxy,20,3.284061002731323,3.6106785774230956,-0.32661757469177244,-0.32661757469177244,-0.39250385522842407,-0.2661886075139047,MRD only,True
Snake,periodicity_error,"Periodicity, pitch and voicing",20,0.12927242927253246,0.1118017602711916,0.017470669001340866,-0.017470669001340866,-0.025691256625577807,-0.007698016129434114,MRD only,True
Snake,pitch_error,"Periodicity, pitch and voicing",20,0.021903542708605526,0.01801732135936618,0.0038862213492393493,-0.0038862213492393493,-0.007412535535404458,0.000665131680434563,MRD only,False
Snake,voicing_f1,"Periodicity, pitch and voicing",20,0.9255820846506382,0.9356772830414973,-0.010095198390859228,-0.010095198390859228,-0.01688719140873967,-0.0023709577978954562,MRD only,True
Snake,utmos,Learned non-reference quality prediction,20,3.7853962779045105,3.1488300800323485,0.6365661978721618,0.6365661978721618,0.5149844869971276,0.7583784839510912,MPD+MRD,True
LeakyReLU,mcd,Spectral reconstruction,20,2.701673150705302,2.5672137914689896,0.13445935923631194,-0.13445935923631194,-0.1641461590486278,-0.10451545746110803,MRD only,True
LeakyReLU,plcc,Spectral reconstruction,20,0.9841290235519409,0.9910629212856292,-0.0069338977336883545,-0.0069338977336883545,-0.007598448619246483,-0.006279489472508432,MRD only,True
LeakyReLU,ssim,Spectral reconstruction,20,0.9440599096403656,0.9587514435602416,-0.014691533919875993,-0.014691533919875993,-0.018138313185510395,-0.011569284500656106,MRD only,True
LeakyReLU,mstft,Spectral reconstruction,20,0.6207891285419465,0.5625076144933701,0.05828151404857636,-0.05828151404857636,-0.07641832567751408,-0.04108608469367028,MRD only,True
LeakyReLU,pesq,Intrusive perceptual proxy,20,3.2152287125587464,3.597612977027893,-0.38238426446914675,-0.38238426446914675,-0.4812836828827858,-0.2859185191988946,MRD only,True
LeakyReLU,periodicity_error,"Periodicity, pitch and voicing",20,0.14223000593483448,0.11633362583816051,0.025896380096673964,-0.025896380096673964,-0.035750048737972974,-0.016934519642964024,MRD only,True
LeakyReLU,pitch_error,"Periodicity, pitch and voicing",20,0.02377250287681818,0.014316435391083359,0.00945606748573482,-0.00945606748573482,-0.017092620524344966,-0.004718988360837104,MRD only,True
LeakyReLU,voicing_f1,"Periodicity, pitch and voicing",20,0.9175041958674086,0.9329048650399414,-0.015400669172532766,-0.015400669172532766,-0.026423210177193106,-0.005909938862306879,MRD only,True
LeakyReLU,utmos,Learned non-reference quality prediction,20,3.7462158203125,3.0897316694259644,0.6564841508865357,0.6564841508865357,0.5472357046604156,0.7687029552459715,MPD+MRD,True
