model_key,utterance_id,reference_id,checkpoint_step,reference_sha256,audio_sha256,mcd,plcc,ssim,mstft,pesq,periodicity_error,pitch_error,voicing_f1,utmos
GT,U01,1089_134686_000009_000008,,2ea6f32f65b888c6a6bcf1b72b383fcf4f633f6a3ef4803febca8cb227479356,2ea6f32f65b888c6a6bcf1b72b383fcf4f633f6a3ef4803febca8cb227479356,,,,,,,,,4.353946208953857
GT,U02,1188_133604_000033_000000,,f615b162e4b9e7958f7467f1ea3ab8aaaab636f7f2808f4f78478a5e9ad1de81,f615b162e4b9e7958f7467f1ea3ab8aaaab636f7f2808f4f78478a5e9ad1de81,,,,,,,,,4.344710350036621
GT,U03,1221_135766_000026_000005,,fdbbf0ca737a95b8d3ca8f0f970a73005cc196aad87afdfc419eb44640351afc,fdbbf0ca737a95b8d3ca8f0f970a73005cc196aad87afdfc419eb44640351afc,,,,,,,,,4.326121807098389
GT,U04,1580_141083_000079_000001,,73e443c6fab143358c02618e2333ca3032f0765290de1876c21d6ebfa01b86aa,73e443c6fab143358c02618e2333ca3032f0765290de1876c21d6ebfa01b86aa,,,,,,,,,4.211951732635498
GT,U05,1995_1826_000022_000001,,2a553e76157f77554756219500181b7edd3814545e2c10b6b0f29c5db0a282ed,2a553e76157f77554756219500181b7edd3814545e2c10b6b0f29c5db0a282ed,,,,,,,,,4.139321804046631
GT,U06,2300_131720_000016_000014,,6c308739ac05a743331bddc2ade1fb161967f5ed3a90d0d6dcdab9b4022dbaa0,6c308739ac05a743331bddc2ade1fb161967f5ed3a90d0d6dcdab9b4022dbaa0,,,,,,,,,4.458751201629639
GT,U07,260_123288_000009_000000,,704546819fe00c0e12281858d295622e24031fed4948f66ab547523113e72754,704546819fe00c0e12281858d295622e24031fed4948f66ab547523113e72754,,,,,,,,,4.2999267578125
GT,U08,2961_961_000004_000024,,b18f5666dcfee8de6950ad5056543c16c16a6837781270d714e858310b189a25,b18f5666dcfee8de6950ad5056543c16c16a6837781270d714e858310b189a25,,,,,,,,,4.244679927825928
GT,U09,3570_5696_000008_000002,,f8394fda0778561803c575a70a7956ff980ed40f89c34ce08a16d22bd5e32377,f8394fda0778561803c575a70a7956ff980ed40f89c34ce08a16d22bd5e32377,,,,,,,,,4.337474822998047
GT,U10,3575_170457_000044_000011,,ff2cfb184631364181505ffe5a08e822bbdb91767e637ff5d29a922e85c90e7f,ff2cfb184631364181505ffe5a08e822bbdb91767e637ff5d29a922e85c90e7f,,,,,,,,,4.356132984161377
GT,U11,4077_13754_000010_000000,,e01ad3c25d340686196bc2293f2dcb04664f9d519dfe1e96c00610f558dd7011,e01ad3c25d340686196bc2293f2dcb04664f9d519dfe1e96c00610f558dd7011,,,,,,,,,3.9836933612823486
GT,U12,4446_2273_000002_000006,,b296a3e0f8a04b3e24114b48977569d07620ceb04836120ec3af6a6fd4262254,b296a3e0f8a04b3e24114b48977569d07620ceb04836120ec3af6a6fd4262254,,,,,,,,,4.342746734619141
GT,U13,4970_29093_000002_000000,,dd12c8cc3dca16271862ccb7f062bbbf34bf9f89b9c7a462a7878a071982b65d,dd12c8cc3dca16271862ccb7f062bbbf34bf9f89b9c7a462a7878a071982b65d,,,,,,,,,3.6233785152435303
GT,U14,4992_41797_000025_000007,,c6fa4f54e5de894888e2289be0dba09b2e363b301d59b4e23463a9b65de0aee4,c6fa4f54e5de894888e2289be0dba09b2e363b301d59b4e23463a9b65de0aee4,,,,,,,,,4.1393537521362305
GT,U15,5142_36586_000009_000003,,24549e6cb9aa0fdb847f156bdc3d2f0a94d926416eaf6654282667245f868321,24549e6cb9aa0fdb847f156bdc3d2f0a94d926416eaf6654282667245f868321,,,,,,,,,4.323554992675781
GT,U16,6829_68769_000053_000000,,7b2258a4d8d0bd78944f49aa749291da736cc87d8c816eafcf560077a9112543,7b2258a4d8d0bd78944f49aa749291da736cc87d8c816eafcf560077a9112543,,,,,,,,,3.6376514434814453
GT,U17,7127_75946_000040_000011,,3da1a6b98041575f0fa3cb25d458f80877af5a559ca3e2ceb5abea9e5b8d7630,3da1a6b98041575f0fa3cb25d458f80877af5a559ca3e2ceb5abea9e5b8d7630,,,,,,,,,4.189173698425293
GT,U18,7176_92135_000083_000003,,41fc2cbc691c84076319358c713f3f35e5c61675d3be33a2275d700e78a22950,41fc2cbc691c84076319358c713f3f35e5c61675d3be33a2275d700e78a22950,,,,,,,,,4.252370834350586
GT,U19,8555_284447_000022_000001,,d1b701561b5591308519abf4dddfd655e0e796b1846c3290c32434476f5f0dd0,d1b701561b5591308519abf4dddfd655e0e796b1846c3290c32434476f5f0dd0,,,,,,,,,3.836629867553711
GT,U20,908_31957_000013_000000,,b156c4eb022f795c738861954dd84a388b9ea6bf184077e8842d079fe489b708,b156c4eb022f795c738861954dd84a388b9ea6bf184077e8842d079fe489b708,,,,,,,,,4.301139831542969
Snake_MPD_MRD,U01,1089_134686_000009_000008,339000,2ea6f32f65b888c6a6bcf1b72b383fcf4f633f6a3ef4803febca8cb227479356,5ff56bb1210da17e399bffa48ab2fde16f4f766fd5cb39ad063c59de8c4cb779,2.412088942507323,0.990563154220581,0.9589564818483134,0.6508857011795044,3.2777202129364014,0.15839311480522156,0.02014038898050785,0.9250871080139372,3.765800952911377
Snake_MPD_MRD,U02,1188_133604_000033_000000,339000,f615b162e4b9e7958f7467f1ea3ab8aaaab636f7f2808f4f78478a5e9ad1de81,34d21d6f932843aaff123ae81621a71fbd2cbffb5fe403765a495a2c221a9847,2.5745841431573364,0.9912468791007996,0.93127030952051,0.6346933245658875,3.2735214233398438,0.13764651119709015,0.02452867291867733,0.9284403669724771,4.181955337524414
Snake_MPD_MRD,U03,1221_135766_000026_000005,339000,fdbbf0ca737a95b8d3ca8f0f970a73005cc196aad87afdfc419eb44640351afc,c53ab2678f2f7e197f0c5c305a1c915cd67d495843e90eb9193ddb0a535d2768,2.4618983744366787,0.9834660887718201,0.9539444555865365,0.49881958961486816,3.9247689247131348,0.0720452219247818,0.014139614999294281,0.9709989258861439,4.136613845825195
Snake_MPD_MRD,U04,1580_141083_000079_000001,339000,73e443c6fab143358c02618e2333ca3032f0765290de1876c21d6ebfa01b86aa,96a4cad48b0d2add8ad0f6a901a78b34311b46ee63cd75c3819ee4eb13e623bc,2.8383842411410676,0.9815281629562378,0.9469204822456373,0.7546547651290894,3.4850854873657227,0.10605086386203766,0.014226950705051422,0.9503759398496241,2.8275556564331055
Snake_MPD_MRD,U05,1995_1826_000022_000001,339000,2a553e76157f77554756219500181b7edd3814545e2c10b6b0f29c5db0a282ed,53f8af9ac1cdd2492fd0ccb578b91055d84c22b10fcced9d85ed705f5ad8ce28,2.424101294941134,0.9879274964332581,0.9568395756646292,0.529242753982544,3.156728982925415,0.1034739688038826,0.015700358897447586,0.955991875423155,3.4383461475372314
Snake_MPD_MRD,U06,2300_131720_000016_000014,339000,6c308739ac05a743331bddc2ade1fb161967f5ed3a90d0d6dcdab9b4022dbaa0,5eb460ca145095083b189a8aca15fa135de8d983e4f78dc5cfe87f9caec8e8e1,2.5675070417926737,0.9897564053535461,0.9508988784332798,0.6347891092300415,2.6770753860473633,0.18790090084075928,0.03120383992791176,0.8692403486924035,4.32064151763916
Snake_MPD_MRD,U07,260_123288_000009_000000,339000,704546819fe00c0e12281858d295622e24031fed4948f66ab547523113e72754,1caffd8002d83412c9edcc05770c5d2e21ac5a2b912be3493c3e39d2a2be5ec1,2.458896154249723,0.9906486868858337,0.954435762635271,0.6275197267532349,2.8965401649475098,0.13733696937561035,0.01884397678077221,0.9204152249134948,3.6175894737243652
Snake_MPD_MRD,U08,2961_961_000004_000024,339000,b18f5666dcfee8de6950ad5056543c16c16a6837781270d714e858310b189a25,c350bac89908d577c79f9984b46dab31a4c86701b4432c1b639bc7e0628461ed,2.4551409309951673,0.9867363572120667,0.9448617358489436,0.6184234023094177,3.1256260871887207,0.12461279332637787,0.020342128351330757,0.9389312977099237,3.403104305267334
Snake_MPD_MRD,U09,3570_5696_000008_000002,339000,f8394fda0778561803c575a70a7956ff980ed40f89c34ce08a16d22bd5e32377,23e5f9e3cd0f7a47cdd83dac992e421f54f8b50dfc36dd5accc5f1d473696cb5,2.5972893279454783,0.98779296875,0.9588816196456061,0.50907963514328,3.1735212802886963,0.13539747893810272,0.014790583401918411,0.9219047619047619,4.148618698120117
Snake_MPD_MRD,U10,3575_170457_000044_000011,339000,ff2cfb184631364181505ffe5a08e822bbdb91767e637ff5d29a922e85c90e7f,719096e64cc26d6a8afd6c282e987c2b026f1f084648be1f05d696459feaed92,2.6058021623724117,0.9860527515411377,0.953196408905551,0.5423482656478882,3.3346035480499268,0.1018778458237648,0.014505919069051743,0.9568892645815723,4.0400848388671875
Snake_MPD_MRD,U11,4077_13754_000010_000000,339000,e01ad3c25d340686196bc2293f2dcb04664f9d519dfe1e96c00610f558dd7011,8bc004828b2e6239e08c2d6ecfd0174c7fbf546e479239127ed1f4ad0748eb44,2.6939280350394452,0.9846658110618591,0.9507044123837473,0.6367687582969666,3.450293779373169,0.10910507291555405,0.013501475565135479,0.9154411764705882,3.606656551361084
Snake_MPD_MRD,U12,4446_2273_000002_000006,339000,b296a3e0f8a04b3e24114b48977569d07620ceb04836120ec3af6a6fd4262254,bcc35b08148c0a7371ef86a6e3ba780d5dcd225490f7fe8842ec00d38d633e58,2.5189619914895065,0.9850810170173645,0.9633861881376878,0.530897855758667,3.626023769378662,0.11112766712903976,0.012489508837461472,0.9437939110070258,4.275951385498047
Snake_MPD_MRD,U13,4970_29093_000002_000000,339000,dd12c8cc3dca16271862ccb7f062bbbf34bf9f89b9c7a462a7878a071982b65d,3c4950be05225962e2e8355efcdc2248c6a8a65f87e04767b387fe1922a1fce2,2.697761161470017,0.9720072150230408,0.9673629927841881,0.5373062491416931,3.8037643432617188,0.10582737624645233,0.016767490655183792,0.9547218628719275,3.106860399246216
Snake_MPD_MRD,U14,4992_41797_000025_000007,339000,c6fa4f54e5de894888e2289be0dba09b2e363b301d59b4e23463a9b65de0aee4,c7d95a3949b87d7bac2f4a58d64ca4389835dff11af94c0dc59a36ffc7af8824,2.61194758987554,0.992137610912323,0.9449964301827142,0.5376291275024414,3.203582286834717,0.15629644691944122,0.01693120226264,0.931958762886598,3.967869281768799
Snake_MPD_MRD,U15,5142_36586_000009_000003,339000,24549e6cb9aa0fdb847f156bdc3d2f0a94d926416eaf6654282667245f868321,1bd5335bb0046b4476a67afb9849e1b71555510e893c082f042d967675cb4c40,2.771019282721948,0.9919319152832031,0.9645567032494154,0.5751560926437378,3.506356954574585,0.11905492097139359,0.01677132397890091,0.9375,4.023774147033691
Snake_MPD_MRD,U16,6829_68769_000053_000000,339000,7b2258a4d8d0bd78944f49aa749291da736cc87d8c816eafcf560077a9112543,9f809ef0d66d160ffbc7209be8cc0eebcae8ddc3da195b64e90c947257e205c1,2.7235731329751216,0.987716555595398,0.9592221818811187,0.5491136312484741,3.1327064037323,0.12061645090579987,0.014440742321312428,0.9290206648697215,3.199913263320923
Snake_MPD_MRD,U17,7127_75946_000040_000011,339000,3da1a6b98041575f0fa3cb25d458f80877af5a559ca3e2ceb5abea9e5b8d7630,2b79a8e4ba897982a030a85aedd182a506f0445712e516e8d46e6a96fffa4d18,2.4751848791649547,0.9856931567192078,0.9500101327530618,0.6156141757965088,3.2213923931121826,0.14449425041675568,0.10476551949977875,0.9019607843137255,4.002880573272705
Snake_MPD_MRD,U18,7176_92135_000083_000003,339000,41fc2cbc691c84076319358c713f3f35e5c61675d3be33a2275d700e78a22950,324a14a2c35b757c0153706550c16099828f84a33640e6ac50ee8edbb756960a,2.5924325756737923,0.9918178915977478,0.9621028343987105,0.6580118536949158,2.81868314743042,0.1329767107963562,0.013692706823348999,0.9210810810810811,3.9632487297058105
Snake_MPD_MRD,U19,8555_284447_000022_000001,339000,d1b701561b5591308519abf4dddfd655e0e796b1846c3290c32434476f5f0dd0,bbce089ac5c45baa0a4fced23f2590a4713d6906039523d65f0ea41570197633,2.847088294640794,0.9891641736030579,0.9540063746805519,0.5512896776199341,3.688992738723755,0.11764991283416748,0.013788895681500435,0.903485254691689,3.6266937255859375
Snake_MPD_MRD,U20,908_31957_000013_000000,339000,b156c4eb022f795c738861954dd84a388b9ea6bf184077e8842d079fe489b708,678c70b5788243745022f3e37b41e503b507480e53a2b92eaff6da9068ad8511,2.7143675536863463,0.9900882840156555,0.9377250151248512,0.697831392288208,2.9042327404022217,0.2035641074180603,0.02649955451488495,0.834403080872914,4.05376672744751
Snake_MRD_only,U01,1089_134686_000009_000008,355000,2ea6f32f65b888c6a6bcf1b72b383fcf4f633f6a3ef4803febca8cb227479356,d78ee0d2c47fec30db09068ef0e7b7602a41d97668a0fc1d636bccacd7b2025d,2.4299150730414185,0.9949088096618652,0.9651064094909456,0.5835022926330566,3.565715789794922,0.16228988766670227,0.011535956524312496,0.9014821272885789,3.3662302494049072
Snake_MRD_only,U02,1188_133604_000033_000000,355000,f615b162e4b9e7958f7467f1ea3ab8aaaab636f7f2808f4f78478a5e9ad1de81,bc8c58f1f121b66de632e93f6cd50f2c138dfe929b25075c231f0d2036861006,2.49421174624561,0.9955712556838989,0.9493758909280521,0.6500296592712402,3.654031276702881,0.14358209073543549,0.011302459053695202,0.8975791433891993,3.754199981689453
Snake_MRD_only,U03,1221_135766_000026_000005,355000,fdbbf0ca737a95b8d3ca8f0f970a73005cc196aad87afdfc419eb44640351afc,92eabfe419bcf0bcab7f150fbb5ed5e82735df5ad024be2fe4812a0b1a224e40,2.355568054654284,0.990227222442627,0.9596157975764387,0.53361976146698,3.9777169227600098,0.0640382394194603,0.01071606483310461,0.9721627408993576,3.306903839111328
Snake_MRD_only,U04,1580_141083_000079_000001,355000,73e443c6fab143358c02618e2333ca3032f0765290de1876c21d6ebfa01b86aa,c892976785c71396eef1667a2567b6f6720a5319bce8017851096fc501b8fff0,2.6451836210859425,0.9904924631118774,0.9554432252449204,0.6472518444061279,3.9924159049987793,0.09324220567941666,0.01027497835457325,0.9661266568483063,2.836766481399536
Snake_MRD_only,U05,1995_1826_000022_000001,355000,2a553e76157f77554756219500181b7edd3814545e2c10b6b0f29c5db0a282ed,2f09af3a2b1ab743ed6f3c806522e845e5b4f76e62dbe6799ad7a6e8e09da41e,2.299849544683914,0.9886168837547302,0.9590836474773798,0.4739142060279846,3.461460828781128,0.08997088670730591,0.01178046315908432,0.9653297076818491,3.0354466438293457
Snake_MRD_only,U06,2300_131720_000016_000014,355000,6c308739ac05a743331bddc2ade1fb161967f5ed3a90d0d6dcdab9b4022dbaa0,e6969b3768ccdfb3c92f13e92fb13f00576fbc7ca4b6bd1bfc5c12c48317d1ad,2.5550041888972,0.9943164587020874,0.9579192982412653,0.6195844411849976,2.958864212036133,0.24016383290290833,0.01105478685349226,0.8542458808618505,3.5573339462280273
Snake_MRD_only,U07,260_123288_000009_000000,355000,704546819fe00c0e12281858d295622e24031fed4948f66ab547523113e72754,7c21c683747ae8ac52f44afc79f27705b06a049370f36a9f86706ef5be2f037b,2.3666898014702547,0.9944248199462891,0.9643220650255473,0.6009299755096436,3.1834652423858643,0.11332406103610992,0.01364173274487257,0.9432098765432099,2.9194085597991943
Snake_MRD_only,U08,2961_961_000004_000024,355000,b18f5666dcfee8de6950ad5056543c16c16a6837781270d714e858310b189a25,6f7cbf5737b4b01e0029d3adc4291cb644989cdc6fd5c4c4b5b8791448e94930,2.387846122031496,0.9918314218521118,0.9563604105514862,0.5865939855575562,3.874791145324707,0.09290947765111923,0.017439337447285652,0.9574266792809839,2.8545403480529785
Snake_MRD_only,U09,3570_5696_000008_000002,355000,f8394fda0778561803c575a70a7956ff980ed40f89c34ce08a16d22bd5e32377,0af263768b9843527b1586abf7fb11a0a2cec242ec015a79523eb2d94aab5536,2.570312935586289,0.9914361238479614,0.955755227349754,0.5027096271514893,3.561429023742676,0.10822837054729462,0.012507949955761433,0.9333333333333333,3.9415693283081055
Snake_MRD_only,U10,3575_170457_000044_000011,355000,ff2cfb184631364181505ffe5a08e822bbdb91767e637ff5d29a922e85c90e7f,bf02cdbdb53284b0c0638cd7f4edccad809f94c9d6dd2433c18d1132e772f54a,2.482563549903056,0.9918840527534485,0.9588288502694565,0.506708562374115,3.6504054069519043,0.08046740293502808,0.010878394357860088,0.9683860232945092,3.1288037300109863
Snake_MRD_only,U11,4077_13754_000010_000000,355000,e01ad3c25d340686196bc2293f2dcb04664f9d519dfe1e96c00610f558dd7011,c99eda59bfd11640e60a1545c4b2d24cf8b89decf8e667fe0c37356f049b27a5,2.596585282809604,0.991592526435852,0.9606185634720564,0.5877304077148438,3.8419835567474365,0.08070576190948486,0.012338143773376942,0.9416195856873822,3.145969867706299
Snake_MRD_only,U12,4446_2273_000002_000006,355000,b296a3e0f8a04b3e24114b48977569d07620ceb04836120ec3af6a6fd4262254,2846d59c7a55060248fbaeba5102d95605196cc8eb1b52694de139b377c3f2ec,2.535383394482722,0.9903642535209656,0.9631544845161858,0.560309112071991,3.8735194206237793,0.07383358478546143,0.010297005996108055,0.9634864546525324,3.0945990085601807
Snake_MRD_only,U13,4970_29093_000002_000000,355000,dd12c8cc3dca16271862ccb7f062bbbf34bf9f89b9c7a462a7878a071982b65d,3e307e5e012429ce8f562c7ba37870d3b94de1f488f6ce0a0b03032455c47ece,2.7139841089966468,0.9774965643882751,0.9714468266691348,0.5086045265197754,4.031402587890625,0.08469834178686142,0.011017758399248123,0.9652509652509652,2.57383394241333
Snake_MRD_only,U14,4992_41797_000025_000007,355000,c6fa4f54e5de894888e2289be0dba09b2e363b301d59b4e23463a9b65de0aee4,9162f525d5b71f2d29bc05ffb0d196db6e52d36c07856f1a8bfd12ac801e6a9e,2.3923861953143057,0.9952524900436401,0.9560827916191853,0.5132948160171509,3.5779471397399902,0.10308588296175003,0.011952951550483704,0.9516957862281603,2.8929669857025146
Snake_MRD_only,U15,5142_36586_000009_000003,355000,24549e6cb9aa0fdb847f156bdc3d2f0a94d926416eaf6654282667245f868321,7dabacaddebfe983ff3408877a61fee7e9f0cfaddc95f872be12d1eb1063251f,2.7121470911143883,0.9949353933334351,0.9689292345251187,0.5489803552627563,3.9460206031799316,0.09882891923189163,0.012740791775286198,0.945179584120983,3.2994725704193115
Snake_MRD_only,U16,6829_68769_000053_000000,355000,7b2258a4d8d0bd78944f49aa749291da736cc87d8c816eafcf560077a9112543,b2ed6fffc166ed17dbc441ef06765945b2bb890bc3f7bb17d0196b1d841c5bc0,2.52771694608469,0.9921733140945435,0.9646190238006825,0.5167505145072937,3.583848237991333,0.08574292063713074,0.00995353702455759,0.9591474245115453,2.5932724475860596
Snake_MRD_only,U17,7127_75946_000040_000011,355000,3da1a6b98041575f0fa3cb25d458f80877af5a559ca3e2ceb5abea9e5b8d7630,74c17e513e959d74a1fbfb65b6faff46d3e9e618d2db36f61f91782f66e5f98a,2.414404110468751,0.9924440383911133,0.9642103909990297,0.5564985275268555,3.4183547496795654,0.12920604646205902,0.1356630027294159,0.9117647058823529,3.205599546432495
Snake_MRD_only,U18,7176_92135_000083_000003,355000,41fc2cbc691c84076319358c713f3f35e5c61675d3be33a2275d700e78a22950,09fb9eb7dc894fbd2fff56ff555b41440f0e8a8bd39a297f4f96f5da5ba1e436,2.5179254285124273,0.9955540299415588,0.9656892819703707,0.5833827257156372,2.9640204906463623,0.11301583051681519,0.01132837776094675,0.9196919691969196,3.1737215518951416
Snake_MRD_only,U19,8555_284447_000022_000001,355000,d1b701561b5591308519abf4dddfd655e0e796b1846c3290c32434476f5f0dd0,e32404f301dc4579857062e17e94fe30527eb7f1dbe6ab8193e2f4480be12c66,2.638900888918997,0.994384765625,0.9658226170829071,0.4667484164237976,3.9723029136657715,0.09220106154680252,0.011637527495622635,0.9287598944591029,3.1341872215270996
Snake_MRD_only,U20,908_31957_000013_000000,355000,b156c4eb022f795c738861954dd84a388b9ea6bf184077e8842d079fe489b708,2512cf15673ccbac4e684dc89ed7d93920f5808b9f8cd0f90b6e0f87097cd794,2.5651005371028317,0.9947490096092224,0.9538141046406555,0.595360517501831,3.1238760948181152,0.1865004003047943,0.012285207398235798,0.8676671214188267,3.1617753505706787
LeakyReLU_MPD_MRD,U01,1089_134686_000009_000008,429000,2ea6f32f65b888c6a6bcf1b72b383fcf4f633f6a3ef4803febca8cb227479356,e4d7e507858af07d2fc1341a6b8941b3b3c28cd9e62e9e1b399570339221b818,2.5100284947804323,0.9874264001846313,0.94742446075925,0.6353785395622253,3.2028486728668213,0.2072460949420929,0.022461604326963425,0.8640429338103757,3.720280647277832
LeakyReLU_MPD_MRD,U02,1188_133604_000033_000000,429000,f615b162e4b9e7958f7467f1ea3ab8aaaab636f7f2808f4f78478a5e9ad1de81,c52079866e6234123cfe4202982f44969725e588ff3c244f06da5562c1ae2844,2.7476219834362454,0.9894554018974304,0.9191736555059192,0.7729907035827637,2.8599472045898438,0.21398378908634186,0.022727880626916885,0.8470588235294118,3.993149995803833
LeakyReLU_MPD_MRD,U03,1221_135766_000026_000005,429000,fdbbf0ca737a95b8d3ca8f0f970a73005cc196aad87afdfc419eb44640351afc,7494454258441129736b7b61c792493260e0b2503228ca6a1f6c2bcc9c8e10fa,2.502081502403588,0.9810472130775452,0.9452266865607436,0.5500589609146118,3.5389654636383057,0.07909006625413895,0.014000102877616882,0.9653679653679653,4.164637088775635
LeakyReLU_MPD_MRD,U04,1580_141083_000079_000001,429000,73e443c6fab143358c02618e2333ca3032f0765290de1876c21d6ebfa01b86aa,78bf913e3e7e67a4e542b2641e8ac3e7c0352e87b0254505c22474f6870fe259,2.929402637066924,0.9792417287826538,0.9386948766234681,0.7241262793540955,3.543478012084961,0.10832641273736954,0.01281816978007555,0.9575402635431918,3.4620580673217773
LeakyReLU_MPD_MRD,U05,1995_1826_000022_000001,429000,2a553e76157f77554756219500181b7edd3814545e2c10b6b0f29c5db0a282ed,c91b638f38b260ab3fd663ef51b154aee1965c92232ff33c3cca7d3993d30182,2.548576641574919,0.977994441986084,0.9467107285937909,0.5505515336990356,2.861269950866699,0.1238347664475441,0.01725969836115837,0.9500342231348392,3.1998329162597656
LeakyReLU_MPD_MRD,U06,2300_131720_000016_000014,429000,6c308739ac05a743331bddc2ade1fb161967f5ed3a90d0d6dcdab9b4022dbaa0,414843f4ccc34c2e0d068b6c5f7a235cec545b42e1c80a694c9ce671d95b2f99,2.6287718723004745,0.9893046021461487,0.93819596883867,0.624822735786438,2.857560634613037,0.21688593924045563,0.030060112476348877,0.8657465495608532,4.357934951782227
LeakyReLU_MPD_MRD,U07,260_123288_000009_000000,429000,704546819fe00c0e12281858d295622e24031fed4948f66ab547523113e72754,a04af8d96ea0594c96470b459a4fcc9f749044949e39cb46e19e2ccfb61d501b,2.59919784243406,0.988084077835083,0.9426105131279203,0.6845617294311523,2.784123182296753,0.149323970079422,0.01938265934586525,0.9199522102747909,3.6312508583068848
LeakyReLU_MPD_MRD,U08,2961_961_000004_000024,429000,b18f5666dcfee8de6950ad5056543c16c16a6837781270d714e858310b189a25,1b4505774eacec4f1a1b75bc87c1d262a8a8d6ec584e7bf8dff2adbb7b7662a7,2.598282071362453,0.9844423532485962,0.93992516620187,0.6070008277893066,3.3342325687408447,0.11891409009695053,0.018986055627465248,0.940733772342427,3.5361483097076416
LeakyReLU_MPD_MRD,U09,3570_5696_000008_000002,429000,f8394fda0778561803c575a70a7956ff980ed40f89c34ce08a16d22bd5e32377,e61617c9903cf1eed8e3271bbb5ecedeec6cd58c09718798b3ec5b3c4eb3cc56,2.6535044598986106,0.9847705960273743,0.952675686409432,0.5136463046073914,3.5049827098846436,0.11015165597200394,0.017903737723827362,0.9480401093892434,4.18533182144165
LeakyReLU_MPD_MRD,U10,3575_170457_000044_000011,429000,ff2cfb184631364181505ffe5a08e822bbdb91767e637ff5d29a922e85c90e7f,bbbef28a32a790e108ca54871123fc0469d04f1607690c676c5e574c8aab60f9,2.6680087716942613,0.9839221239089966,0.9478332948779643,0.5719870924949646,3.174370527267456,0.11528313905000687,0.015208560973405838,0.9421768707482994,3.89127516746521
LeakyReLU_MPD_MRD,U11,4077_13754_000010_000000,429000,e01ad3c25d340686196bc2293f2dcb04664f9d519dfe1e96c00610f558dd7011,0e28b5e39b0f11be3205f79a049d711aa401cb5afcd01be8ca86b34765ed41e4,2.8034563465858957,0.9836958646774292,0.9437481754797313,0.6370302438735962,3.4262564182281494,0.12679243087768555,0.01621212065219879,0.908411214953271,3.544605016708374
LeakyReLU_MPD_MRD,U12,4446_2273_000002_000006,429000,b296a3e0f8a04b3e24114b48977569d07620ceb04836120ec3af6a6fd4262254,4483525dae62f4690be2ea36a172b3e3b0b220276a9c52db672e8f8b269add55,2.6004319353442313,0.9807388782501221,0.956219112286976,0.6081025004386902,3.546137809753418,0.130046546459198,0.012983638793230057,0.9472450175849941,4.031650543212891
LeakyReLU_MPD_MRD,U13,4970_29093_000002_000000,429000,dd12c8cc3dca16271862ccb7f062bbbf34bf9f89b9c7a462a7878a071982b65d,e3710913a8202c0433e794a4b067f3c3956467be7a95746fac1003ecb8437d17,2.9397452532983324,0.96503084897995,0.9593138921578138,0.5984948873519897,3.613187313079834,0.09971293807029724,0.01766093075275421,0.948849104859335,3.334956169128418
LeakyReLU_MPD_MRD,U14,4992_41797_000025_000007,429000,c6fa4f54e5de894888e2289be0dba09b2e363b301d59b4e23463a9b65de0aee4,cab596708e2fb62b9c70ee0c1b542e4c62209bd891ebd54f7f8dee08d98dce26,2.6793760631124997,0.9889163970947266,0.93297014043592,0.6030207872390747,2.832900285720825,0.14110806584358215,0.016498420387506485,0.9346938775510204,3.9157233238220215
LeakyReLU_MPD_MRD,U15,5142_36586_000009_000003,429000,24549e6cb9aa0fdb847f156bdc3d2f0a94d926416eaf6654282667245f868321,395d8ff2190b8f490f76097011cfd0d76106d79f6012d979f5f3c787951ba024,2.8658202016240577,0.9897599220275879,0.9575492210910342,0.6085788011550903,3.6945900917053223,0.13476978242397308,0.017760930582880974,0.9171270718232044,4.0393781661987305
LeakyReLU_MPD_MRD,U16,6829_68769_000053_000000,429000,7b2258a4d8d0bd78944f49aa749291da736cc87d8c816eafcf560077a9112543,952a600c716654e98b21a69b44528e6bd5f3633915d372b683b7dd1fe2392b85,2.714074122870786,0.9839563965797424,0.952999664326441,0.5555344223976135,3.203965425491333,0.14768476784229279,0.018576372414827347,0.9374433363553943,3.1425294876098633
LeakyReLU_MPD_MRD,U17,7127_75946_000040_000011,429000,3da1a6b98041575f0fa3cb25d458f80877af5a559ca3e2ceb5abea9e5b8d7630,4785e597569cca4b701e1108e60ddfbeebf52425ea249a7eb53bd7f7e62b92b2,2.5988291676857584,0.9820893406867981,0.9455452144889863,0.6124354600906372,3.4260125160217285,0.15361006557941437,0.11814854294061661,0.9037037037037037,3.579097270965576
LeakyReLU_MPD_MRD,U18,7176_92135_000083_000003,429000,41fc2cbc691c84076319358c713f3f35e5c61675d3be33a2275d700e78a22950,1384e831e2081c9402774528d45582a6e90e56f300a9a266d7780f69d3d87818,2.717832900595099,0.9884858131408691,0.9476668523000272,0.6623728275299072,2.852113962173462,0.1656162440776825,0.019159812480211258,0.89419795221843,3.7464239597320557
LeakyReLU_MPD_MRD,U19,8555_284447_000022_000001,429000,d1b701561b5591308519abf4dddfd655e0e796b1846c3290c32434476f5f0dd0,c1589265505d57fd7ad6551001a8085ca2aee5ce71080f6d46c8f87e65393ae3,2.922135697181815,0.9862868785858154,0.9458447473936666,0.5863937139511108,3.3374040126800537,0.11131665855646133,0.013524613343179226,0.9185580774365821,3.5775444507598877
LeakyReLU_MPD_MRD,U20,908_31957_000013_000000,429000,b156c4eb022f795c738861954dd84a388b9ea6bf184077e8842d079fe489b708,f86614ed983029d6a90953684231a39bc51b70998550caafefc245b5916410f2,2.8062850488555995,0.9879311919212341,0.9208701353476832,0.7086942195892334,2.7102274894714355,0.1909026950597763,0.03411609306931496,0.8391608391608392,3.8705081939697266
LeakyReLU_MRD_only,U01,1089_134686_000009_000008,496000,2ea6f32f65b888c6a6bcf1b72b383fcf4f633f6a3ef4803febca8cb227479356,de7bb4e5b538e8b7c01a46f96b502634a77476cffb4dc212814f4618fb25ad48,2.4717321193685198,0.9943084120750427,0.9630911408876336,0.5694077610969543,3.469811201095581,0.15728570520877838,0.01227420475333929,0.9237217099748533,3.5781168937683105
LeakyReLU_MRD_only,U02,1188_133604_000033_000000,496000,f615b162e4b9e7958f7467f1ea3ab8aaaab636f7f2808f4f78478a5e9ad1de81,6e0260ebc44b8b21467a1e613acce4808a0585051dfdb9fa1e0b6900c20bd400,2.5665117022952955,0.9951848387718201,0.9489083138706312,0.6625105738639832,3.5512380599975586,0.12923619151115417,0.011250659823417664,0.9290780141843972,3.685898542404175
LeakyReLU_MRD_only,U03,1221_135766_000026_000005,496000,fdbbf0ca737a95b8d3ca8f0f970a73005cc196aad87afdfc419eb44640351afc,e76a899180f03b3c706a3517cf6caaf2e98e49debb1b04dfe81b4d8dfbe56e1a,2.4242638128995178,0.9889184236526489,0.957438390656039,0.5662174224853516,3.9169135093688965,0.058693334460258484,0.01149691641330719,0.9696969696969697,2.888993263244629
LeakyReLU_MRD_only,U04,1580_141083_000079_000001,496000,73e443c6fab143358c02618e2333ca3032f0765290de1876c21d6ebfa01b86aa,d44507c4edfb211b494035406e5fbd9bb5adf98b6f88f25345fbb4d8c6c0e618,2.702977091498806,0.9881643652915955,0.9536617668794826,0.5695348978042603,3.9754834175109863,0.0900520607829094,0.010152498260140419,0.9597615499254843,2.828522205352783
LeakyReLU_MRD_only,U05,1995_1826_000022_000001,496000,2a553e76157f77554756219500181b7edd3814545e2c10b6b0f29c5db0a282ed,4513947892a4ce9c8645c7e123dceecf235eca91e1022afebc23f04e7a020feb,2.36743988340888,0.9865231513977051,0.9558266746348792,0.5030096769332886,3.2452428340911865,0.11225123703479767,0.01248070877045393,0.9465020576131687,2.9409289360046387
LeakyReLU_MRD_only,U06,2300_131720_000016_000014,496000,6c308739ac05a743331bddc2ade1fb161967f5ed3a90d0d6dcdab9b4022dbaa0,7a4e43bc4eb6471ed2867f133eb053514d8329d83b14849eadae409bc7ae75c6,2.6005908778236977,0.9934452176094055,0.9574663849829129,0.6111840605735779,2.8273253440856934,0.2022978514432907,0.01773148961365223,0.8628428927680798,3.668097496032715
LeakyReLU_MRD_only,U07,260_123288_000009_000000,496000,704546819fe00c0e12281858d295622e24031fed4948f66ab547523113e72754,c3900911a0f80f669cd0f91485b335c708dd7b59b9fd1bd397a08226395465a7,2.4486095342361547,0.9938607215881348,0.9615140113461264,0.598469614982605,3.3971099853515625,0.14188000559806824,0.01399967074394226,0.929678188319428,2.8547914028167725
LeakyReLU_MRD_only,U08,2961_961_000004_000024,496000,b18f5666dcfee8de6950ad5056543c16c16a6837781270d714e858310b189a25,ca2ff1f9c8b9f59adc0a09411f1128905af638b3675b8439f53b4c40c34ca653,2.4599411321553517,0.9909963607788086,0.9523951529172351,0.5560212135314941,3.698641300201416,0.1050296276807785,0.018291711807250977,0.957983193277311,2.7462027072906494
LeakyReLU_MRD_only,U09,3570_5696_000008_000002,496000,f8394fda0778561803c575a70a7956ff980ed40f89c34ce08a16d22bd5e32377,5e4bcfa0ab7b9df94d1663df10e8aaf81324d9aa8f537aff54c8786dad491b37,2.620395933290906,0.9909833073616028,0.9540380770845666,0.5050944685935974,3.588416576385498,0.10447428375482559,0.011733338236808777,0.9481621112158342,3.56561279296875
LeakyReLU_MRD_only,U10,3575_170457_000044_000011,496000,ff2cfb184631364181505ffe5a08e822bbdb91767e637ff5d29a922e85c90e7f,80e549fc9e7785149a5235cb098f6c2f54fa69f961564a711b2ad7670acac0bd,2.534244041296286,0.9911206960678101,0.9570812134330319,0.5271590352058411,3.674901008605957,0.09897327423095703,0.012312815524637699,0.9432098765432099,2.8961052894592285
LeakyReLU_MRD_only,U11,4077_13754_000010_000000,496000,e01ad3c25d340686196bc2293f2dcb04664f9d519dfe1e96c00610f558dd7011,44f8c39893078088f2bbbaf3b67361e2f5b42691c44520eeddfb7d1922d017f5,2.696852448467879,0.9909751415252686,0.9595665504209497,0.5959916114807129,3.7633988857269287,0.10124138742685318,0.01355507131665945,0.9185185185185185,2.945709466934204
LeakyReLU_MRD_only,U12,4446_2273_000002_000006,496000,b296a3e0f8a04b3e24114b48977569d07620ceb04836120ec3af6a6fd4262254,a64330ac16576e597bc397635c1d1600130790999804b709c6f66cbacca55552,2.5687541481851155,0.988683819770813,0.9603654672018688,0.5759685039520264,3.869110584259033,0.0729142352938652,0.010081417858600616,0.969626168224299,3.2564961910247803
LeakyReLU_MRD_only,U13,4970_29093_000002_000000,496000,dd12c8cc3dca16271862ccb7f062bbbf34bf9f89b9c7a462a7878a071982b65d,a66f0beda82bac7e763ec517b4696fb08201defc949902054abf53fc1752214a,2.7391375485590586,0.9749512672424316,0.9696050580725689,0.5150649547576904,4.03865909576416,0.06433331966400146,0.010341783985495567,0.9766233766233766,2.5359368324279785
LeakyReLU_MRD_only,U14,4992_41797_000025_000007,496000,c6fa4f54e5de894888e2289be0dba09b2e363b301d59b4e23463a9b65de0aee4,29f91cf1849620ef924bbbe1d88e7a7cf809f04dfa140e6b0f5a4b0db27458cc,2.4301814901670875,0.9944000244140625,0.953770130951164,0.5079536437988281,3.672393798828125,0.11409220099449158,0.011385831981897354,0.9417879417879418,3.0963263511657715
LeakyReLU_MRD_only,U15,5142_36586_000009_000003,496000,24549e6cb9aa0fdb847f156bdc3d2f0a94d926416eaf6654282667245f868321,2a299dc70d48fa0f35ab53ff13303b1b794244a6fa033839e3286a88e2c96baf,2.720686381101876,0.9940868020057678,0.9675053077808116,0.5884007215499878,3.8415937423706055,0.11307982355356216,0.013385008089244366,0.9395348837209302,3.127213478088379
LeakyReLU_MRD_only,U16,6829_68769_000053_000000,496000,7b2258a4d8d0bd78944f49aa749291da736cc87d8c816eafcf560077a9112543,1ced50cdd5f9ccc9f52f3a39ad453a88dfc7ef7371ece74c0afbcaa963683cf8,2.5792052826731124,0.9913129806518555,0.9621859797039988,0.5177502632141113,3.465250015258789,0.10377009212970734,0.01111252885311842,0.9359783588818755,2.597554922103882
LeakyReLU_MRD_only,U17,7127_75946_000040_000011,496000,3da1a6b98041575f0fa3cb25d458f80877af5a559ca3e2ceb5abea9e5b8d7630,00f0c5a83b89acf291b9649a4edb6b114cc219bd779ca61fa2ef4e0a58b83233,2.4919306998422392,0.9915950298309326,0.9643061979025135,0.5726876258850098,3.4948270320892334,0.15878374874591827,0.04702623561024666,0.8804554079696395,3.08693790435791
LeakyReLU_MRD_only,U18,7176_92135_000083_000003,496000,41fc2cbc691c84076319358c713f3f35e5c61675d3be33a2275d700e78a22950,e0f1963534dee21909311f83ad8f2624cdbf276936a0191f792a93a34d5e6080,2.6201706177023567,0.99449223279953,0.9638177339828075,0.592176079750061,3.3580727577209473,0.11601144075393677,0.013172119855880737,0.9213973799126638,3.162670373916626
LeakyReLU_MRD_only,U19,8555_284447_000022_000001,496000,d1b701561b5591308519abf4dddfd655e0e796b1846c3290c32434476f5f0dd0,2d63a6ddd22e0a262e719d7046140f3b7494cd3b8d3f09626e4e8b9bf60703e0,2.691876200491417,0.992763102054596,0.9580419008948966,0.5311907529830933,3.639465808868408,0.11478444933891296,0.011779163032770157,0.917900403768506,3.105072498321533
LeakyReLU_MRD_only,U20,908_31957_000013_000000,496000,b156c4eb022f795c738861954dd84a388b9ea6bf184077e8842d079fe489b708,b9e67826820833c5f56c6a96313369ba042c40c00a16cd8815d43a7776a24394,2.6087748839162472,0.9944925308227539,0.9544434176007104,0.5843594074249268,3.464404582977295,0.1674882471561432,0.012765533290803432,0.8856382978723404,3.2274458408355713
HiFiGAN_AMP,U01,1089_134686_000009_000008,384000,2ea6f32f65b888c6a6bcf1b72b383fcf4f633f6a3ef4803febca8cb227479356,112d0bc266c5d7c7abd0bd872f6a28688668f2df89cb34ce3b2ed9ee56beaac1,2.614096003854085,0.9847604036331177,0.9342633642201453,0.6677308082580566,3.015479803085327,0.17391382157802582,0.023599455133080482,0.8973451327433628,4.294388771057129
HiFiGAN_AMP,U02,1188_133604_000033_000000,384000,f615b162e4b9e7958f7467f1ea3ab8aaaab636f7f2808f4f78478a5e9ad1de81,e22e85d951acd0cb340547606a6a6951a82bffcd2b2ca3c2f38c9be12e9b641f,2.8526476349783887,0.9855100512504578,0.9011804328700023,0.8159825801849365,2.7756214141845703,0.19104650616645813,0.03364554047584534,0.8628884826325411,4.186104774475098
HiFiGAN_AMP,U03,1221_135766_000026_000005,384000,fdbbf0ca737a95b8d3ca8f0f970a73005cc196aad87afdfc419eb44640351afc,d2a0a7356fafa24445091f78cf6fe0e97fa6809d8871eaefe33f03f13456332c,2.671978010367742,0.9760683178901672,0.9383538660698529,0.6212740540504456,3.3579611778259277,0.08619102835655212,0.014594298787415028,0.9637526652452025,3.629765510559082
HiFiGAN_AMP,U04,1580_141083_000079_000001,384000,73e443c6fab143358c02618e2333ca3032f0765290de1876c21d6ebfa01b86aa,09789d92acf4295fb1516fa317f5cc28e3589e3173942d91beddda8e248d45c3,3.000003637850262,0.9698217511177063,0.925136715872039,0.8289409875869751,3.159219980239868,0.13736367225646973,0.016528574749827385,0.9287833827893175,3.2711997032165527
HiFiGAN_AMP,U05,1995_1826_000022_000001,384000,2a553e76157f77554756219500181b7edd3814545e2c10b6b0f29c5db0a282ed,c6e86319a7150cf56436902345ce457e545306d1fd28a000038ad45b1174caa0,2.7185116462005516,0.9734408855438232,0.9378793231085248,0.5802242755889893,3.020216703414917,0.09715697169303894,0.018312795087695122,0.9512855209742895,3.5071353912353516
HiFiGAN_AMP,U06,2300_131720_000016_000014,384000,6c308739ac05a743331bddc2ade1fb161967f5ed3a90d0d6dcdab9b4022dbaa0,4790a553b034c5cdcba7c7213c34134007e2ab80b2a77565b39fb7fdf3305e9d,2.7915690877996377,0.9860978722572327,0.9410825738086416,0.6682947874069214,2.593883752822876,0.21180234849452972,0.022416969761252403,0.8764331210191083,4.334120750427246
HiFiGAN_AMP,U07,260_123288_000009_000000,384000,704546819fe00c0e12281858d295622e24031fed4948f66ab547523113e72754,cdf7cd02919b8c7e8548729d439d0a9d65548c1223089c4dc1a42a83a7fe6ee6,2.7058415370556816,0.9852488040924072,0.937966302513494,0.6618453860282898,2.7395005226135254,0.13271747529506683,0.01761951483786106,0.9355608591885441,3.9405558109283447
HiFiGAN_AMP,U08,2961_961_000004_000024,384000,b18f5666dcfee8de6950ad5056543c16c16a6837781270d714e858310b189a25,34501409138f9ae74a43102b3bb66ae86d66c84502ed3f3abe85b17db6a10d6a,2.756076936276017,0.9755966663360596,0.9172796497745335,0.6512787342071533,2.9505937099456787,0.10897520929574966,0.024128949269652367,0.9492481203007519,3.330944061279297
HiFiGAN_AMP,U09,3570_5696_000008_000002,384000,f8394fda0778561803c575a70a7956ff980ed40f89c34ce08a16d22bd5e32377,4db5ad273b5fd53702d64d222c85c31619bf4adf6403590cb988950192d1fbf6,2.8061388579378432,0.978064239025116,0.945412609099623,0.5815877318382263,3.2448277473449707,0.11279837042093277,0.01853225938975811,0.9334600760456274,4.168423652648926
HiFiGAN_AMP,U10,3575_170457_000044_000011,384000,ff2cfb184631364181505ffe5a08e822bbdb91767e637ff5d29a922e85c90e7f,942a12ef244b58dd69983a66a69597f13ced9ee5f42d8e8ffb96b3d3c559e430,2.856501956762831,0.9774054288864136,0.9335704762113174,0.6048252582550049,3.2013020515441895,0.12542679905891418,0.01572488248348236,0.9516666666666667,3.9932785034179688
HiFiGAN_AMP,U11,4077_13754_000010_000000,384000,e01ad3c25d340686196bc2293f2dcb04664f9d519dfe1e96c00610f558dd7011,dde357527d1a047bb625bfe2e881c2283eca5afe0a133ff1f9f50c65618e518a,2.930441400769834,0.9772127866744995,0.9307015960260836,0.6902045607566833,3.2372212409973145,0.10037440806627274,0.01806241273880005,0.9416195856873822,3.347607135772705
HiFiGAN_AMP,U12,4446_2273_000002_000006,384000,b296a3e0f8a04b3e24114b48977569d07620ceb04836120ec3af6a6fd4262254,58bf4d85f077aaaaf6646faa639a05e5c3a4da7ce47939d5c0861f80977c3a81,2.749419160468599,0.9733746647834778,0.9455070113816121,0.6472654342651367,3.4909591674804688,0.11872576922178268,0.014859428629279137,0.9461077844311377,4.23284912109375
HiFiGAN_AMP,U13,4970_29093_000002_000000,384000,dd12c8cc3dca16271862ccb7f062bbbf34bf9f89b9c7a462a7878a071982b65d,80271d3808df1b6d5fa62c31c18145de39d40ee0eb89171bcdb5edc7bfe515cb,3.107839012014191,0.9608472585678101,0.94658396685326,0.6571426391601562,3.1112122535705566,0.11135735362768173,0.01988915726542473,0.941952506596306,2.983927011489868
HiFiGAN_AMP,U14,4992_41797_000025_000007,384000,c6fa4f54e5de894888e2289be0dba09b2e363b301d59b4e23463a9b65de0aee4,be9c0cbf74d7f5f867ac78b271aca7df3bea13c5e461d1eac0a1cba31d4eb9d5,2.8177742573867035,0.9872690439224243,0.9255171778258503,0.6305292844772339,2.774693012237549,0.15800225734710693,0.020319148898124695,0.9190871369294605,3.921250343322754
HiFiGAN_AMP,U15,5142_36586_000009_000003,384000,24549e6cb9aa0fdb847f156bdc3d2f0a94d926416eaf6654282667245f868321,13915cae8a00bd5a47582b3c2b6ef2c7292ced2a244d34830b9fa99e2cf10197,3.0090914395883575,0.986578106880188,0.9471179535789996,0.6642177700996399,3.4831714630126953,0.13418903946876526,0.018074585124850273,0.9302752293577982,3.841463088989258
HiFiGAN_AMP,U16,6829_68769_000053_000000,384000,7b2258a4d8d0bd78944f49aa749291da736cc87d8c816eafcf560077a9112543,c48534c64325f8c6817c34f89937ed594e473e9cb059bea57c57739f395a1048,2.88094619223482,0.9779244661331177,0.9431171237631503,0.631986677646637,2.8801023960113525,0.13230225443840027,0.021658895537257195,0.9228039041703638,3.1796607971191406
HiFiGAN_AMP,U17,7127_75946_000040_000011,384000,3da1a6b98041575f0fa3cb25d458f80877af5a559ca3e2ceb5abea9e5b8d7630,78646d0e7ccd1e7fe31cce292c5f73cb38c4085ea8ba94eb0cb3c987cc956e5e,2.7347665804208323,0.977525532245636,0.9358135904730509,0.6454087495803833,3.0647847652435303,0.1328599750995636,0.019759507849812508,0.8938547486033519,4.178092956542969
HiFiGAN_AMP,U18,7176_92135_000083_000003,384000,41fc2cbc691c84076319358c713f3f35e5c61675d3be33a2275d700e78a22950,85600b9d08c7c3f6a06a7994012d7dc3ca278574e90d9467347ced0f3dada956,2.8995995502880882,0.9863074421882629,0.9398355784226361,0.687851071357727,2.8023576736450195,0.1499457210302353,0.02611277997493744,0.8947368421052632,3.855332612991333
HiFiGAN_AMP,U19,8555_284447_000022_000001,384000,d1b701561b5591308519abf4dddfd655e0e796b1846c3290c32434476f5f0dd0,ac00155a807897039ef7a87bfbb354aa6f862c6ae0c15a0c77a779d50d592e05,3.046482328222337,0.9806526303291321,0.9301058264498739,0.6289043426513672,3.163041114807129,0.13650327920913696,0.054910507053136826,0.9113233287858117,3.7014665603637695
HiFiGAN_AMP,U20,908_31957_000013_000000,384000,b156c4eb022f795c738861954dd84a388b9ea6bf184077e8842d079fe489b708,79e9997951d64b5ac40e3fc0fb6767fdd88279530fa9ba677d07b381b2ba457d,2.9249885125667796,0.9838629961013794,0.9135006671155419,0.7547467947006226,2.327903985977173,0.1952562928199768,0.0893058031797409,0.8477951635846372,3.4695322513580322
