utterance_id,activation,mos_full,mos_only,mos_delta,mos_delta_t_ci_low,mos_delta_t_ci_high,cmos,cmos_t_ci_low,cmos_t_ci_high,n_mos_listeners,n_cmos_listeners,mcd_full,mcd_only,mcd_benefit_full,plcc_full,plcc_only,plcc_benefit_full,ssim_full,ssim_only,ssim_benefit_full,mstft_full,mstft_only,mstft_benefit_full,pesq_full,pesq_only,pesq_benefit_full,periodicity_error_full,periodicity_error_only,periodicity_error_benefit_full,pitch_error_full,pitch_error_only,pitch_error_benefit_full,voicing_f1_full,voicing_f1_only,voicing_f1_benefit_full,utmos_full,utmos_only,utmos_benefit_full
U01,Snake,3.1,2.5,0.6,0.2471466061215653,0.9528533938784347,0.8,0.1108225968895542,1.4891774031104459,20,20,2.412088942507323,2.4299150730414185,0.01782613053409543,0.990563154220581,0.9949088096618652,-0.00434565544128418,0.9589564818483134,0.9651064094909456,-0.006149927642632225,0.6508857011795044,0.5835022926330566,-0.06738340854644775,3.2777202129364014,3.565715789794922,-0.2879955768585205,0.15839311480522156,0.16228988766670227,0.003896772861480713,0.02014038898050785,0.011535956524312496,-0.008604432456195354,0.9250871080139372,0.9014821272885789,0.023604980725358327,3.765800952911377,3.3662302494049072,0.3995707035064697
U01,LeakyReLU,3.25,2.5,0.75,0.10802155819755788,1.3919784418024421,0.45,-0.1473278280406372,1.0473278280406373,20,20,2.5100284947804323,2.4717321193685198,-0.03829637541191255,0.9874264001846313,0.9943084120750427,-0.006882011890411377,0.94742446075925,0.9630911408876336,-0.01566668012838357,0.6353785395622253,0.5694077610969543,-0.065970778465271,3.2028486728668213,3.469811201095581,-0.26696252822875977,0.2072460949420929,0.15728570520877838,-0.049960389733314514,0.022461604326963425,0.01227420475333929,-0.010187399573624134,0.8640429338103757,0.9237217099748533,-0.05967877616447759,3.720280647277832,3.5781168937683105,0.14216375350952148
U02,Snake,4.25,3.25,1.0,0.5198273505491898,1.48017264945081,0.8,0.1108225968895542,1.4891774031104459,20,20,2.5745841431573364,2.49421174624561,-0.08037239691172626,0.9912468791007996,0.9955712556838989,-0.004324376583099365,0.93127030952051,0.9493758909280521,-0.018105581407542037,0.6346933245658875,0.6500296592712402,0.015336334705352783,3.2735214233398438,3.654031276702881,-0.3805098533630371,0.13764651119709015,0.14358209073543549,0.005935579538345337,0.02452867291867733,0.011302459053695202,-0.013226213864982128,0.9284403669724771,0.8975791433891993,0.030861223583277808,4.181955337524414,3.754199981689453,0.42775535583496094
U02,LeakyReLU,3.45,3.05,0.4,0.04714660612156535,0.7528533938784348,0.5,-0.014927800058126883,1.014927800058127,20,20,2.7476219834362454,2.5665117022952955,-0.18111028114094996,0.9894554018974304,0.9951848387718201,-0.0057294368743896484,0.9191736555059192,0.9489083138706312,-0.029734658364712008,0.7729907035827637,0.6625105738639832,-0.11048012971878052,2.8599472045898438,3.5512380599975586,-0.6912908554077148,0.21398378908634186,0.12923619151115417,-0.08474759757518768,0.022727880626916885,0.011250659823417664,-0.011477220803499222,0.8470588235294118,0.9290780141843972,-0.08201919065498542,3.993149995803833,3.685898542404175,0.3072514533996582
U03,Snake,2.6,2.35,0.25,-0.048905063768141355,0.5489050637681414,1.0,0.3041637233592356,1.6958362766407644,20,20,2.4618983744366787,2.355568054654284,-0.1063303197823946,0.9834660887718201,0.990227222442627,-0.006761133670806885,0.9539444555865365,0.9596157975764387,-0.005671341989902157,0.49881958961486816,0.53361976146698,0.034800171852111816,3.9247689247131348,3.9777169227600098,-0.052947998046875,0.0720452219247818,0.0640382394194603,-0.008006982505321503,0.014139614999294281,0.01071606483310461,-0.0034235501661896706,0.9709989258861439,0.9721627408993576,-0.0011638150132137204,4.136613845825195,3.306903839111328,0.8297100067138672
U03,LeakyReLU,2.35,1.9,0.45,0.1287863895426078,0.7712136104573922,0.75,0.22674398639793425,1.2732560136020656,20,20,2.502081502403588,2.4242638128995178,-0.07781768950407031,0.9810472130775452,0.9889184236526489,-0.00787121057510376,0.9452266865607436,0.957438390656039,-0.012211704095295373,0.5500589609146118,0.5662174224853516,0.016158461570739746,3.5389654636383057,3.9169135093688965,-0.3779480457305908,0.07909006625413895,0.058693334460258484,-0.020396731793880463,0.014000102877616882,0.01149691641330719,-0.0025031864643096924,0.9653679653679653,0.9696969696969697,-0.0043290043290044045,4.164637088775635,2.888993263244629,1.2756438255310059
U04,Snake,1.85,2.15,-0.3,-0.7321553845057291,0.13215538450572922,0.1,-0.29886135882486964,0.4988613588248697,20,20,2.8383842411410676,2.6451836210859425,-0.19320062005512506,0.9815281629562378,0.9904924631118774,-0.008964300155639648,0.9469204822456373,0.9554432252449204,-0.008522742999283128,0.7546547651290894,0.6472518444061279,-0.10740292072296143,3.4850854873657227,3.9924159049987793,-0.5073304176330566,0.10605086386203766,0.09324220567941666,-0.012808658182621002,0.014226950705051422,0.01027497835457325,-0.003951972350478172,0.9503759398496241,0.9661266568483063,-0.015750716998682246,2.8275556564331055,2.836766481399536,-0.009210824966430664
U04,LeakyReLU,2.15,1.9,0.25,-0.2507397312403561,0.7507397312403561,0.4,-0.040085502551166774,0.8400855025511669,20,20,2.929402637066924,2.702977091498806,-0.22642554556811811,0.9792417287826538,0.9881643652915955,-0.00892263650894165,0.9386948766234681,0.9536617668794826,-0.014966890256014498,0.7241262793540955,0.5695348978042603,-0.1545913815498352,3.543478012084961,3.9754834175109863,-0.4320054054260254,0.10832641273736954,0.0900520607829094,-0.018274351954460144,0.01281816978007555,0.010152498260140419,-0.002665671519935131,0.9575402635431918,0.9597615499254843,-0.0022212863822925755,3.4620580673217773,2.828522205352783,0.6335358619689941
U05,Snake,3.05,2.6,0.45,0.12878638954260785,0.7712136104573921,0.35,-0.24345532155852534,0.9434553215585253,20,20,2.424101294941134,2.299849544683914,-0.12425175025722002,0.9879274964332581,0.9886168837547302,-0.000689387321472168,0.9568395756646292,0.9590836474773798,-0.0022440718127506587,0.529242753982544,0.4739142060279846,-0.055328547954559326,3.156728982925415,3.461460828781128,-0.3047318458557129,0.1034739688038826,0.08997088670730591,-0.01350308209657669,0.015700358897447586,0.01178046315908432,-0.003919895738363266,0.955991875423155,0.9653297076818491,-0.009337832258694112,3.4383461475372314,3.0354466438293457,0.40289950370788574
U05,LeakyReLU,2.75,2.5,0.25,-0.2507397312403561,0.7507397312403561,0.55,0.08260180768066872,1.0173981923193314,20,20,2.548576641574919,2.36743988340888,-0.18113675816603925,0.977994441986084,0.9865231513977051,-0.008528709411621094,0.9467107285937909,0.9558266746348792,-0.00911594604108834,0.5505515336990356,0.5030096769332886,-0.04754185676574707,2.861269950866699,3.2452428340911865,-0.3839728832244873,0.1238347664475441,0.11225123703479767,-0.01158352941274643,0.01725969836115837,0.01248070877045393,-0.004778989590704441,0.9500342231348392,0.9465020576131687,0.0035321655216704606,3.1998329162597656,2.9409289360046387,0.25890398025512695
U06,Snake,4.2,3.1,1.1,0.5761934801819218,1.6238065198180784,0.95,0.19879448211272122,1.7012055178872787,20,20,2.5675070417926737,2.5550041888972,-0.012502852895473815,0.9897564053535461,0.9943164587020874,-0.00456005334854126,0.9508988784332798,0.9579192982412653,-0.007020419807985512,0.6347891092300415,0.6195844411849976,-0.015204668045043945,2.6770753860473633,2.958864212036133,-0.28178882598876953,0.18790090084075928,0.24016383290290833,0.05226293206214905,0.03120383992791176,0.01105478685349226,-0.0201490530744195,0.8692403486924035,0.8542458808618505,0.014994467830553027,4.32064151763916,3.5573339462280273,0.7633075714111328
U06,LeakyReLU,4.0,3.0,1.0,0.4119110102026089,1.588088989797391,0.95,0.39260662051328343,1.5073933794867165,20,20,2.6287718723004745,2.6005908778236977,-0.0281809944767768,0.9893046021461487,0.9934452176094055,-0.004140615463256836,0.93819596883867,0.9574663849829129,-0.019270416144242963,0.624822735786438,0.6111840605735779,-0.013638675212860107,2.857560634613037,2.8273253440856934,0.03023529052734375,0.21688593924045563,0.2022978514432907,-0.014588087797164917,0.030060112476348877,0.01773148961365223,-0.012328622862696648,0.8657465495608532,0.8628428927680798,0.002903656792773379,4.357934951782227,3.668097496032715,0.6898374557495117
U07,Snake,3.65,2.55,1.1,0.6470060284951428,1.5529939715048573,1.35,0.8180042418383868,1.8819957581616134,20,20,2.458896154249723,2.3666898014702547,-0.09220635277946831,0.9906486868858337,0.9944248199462891,-0.0037761330604553223,0.954435762635271,0.9643220650255473,-0.009886302390276325,0.6275197267532349,0.6009299755096436,-0.02658975124359131,2.8965401649475098,3.1834652423858643,-0.2869250774383545,0.13733696937561035,0.11332406103610992,-0.024012908339500427,0.01884397678077221,0.01364173274487257,-0.005202244035899639,0.9204152249134948,0.9432098765432099,-0.022794651629715057,3.6175894737243652,2.9194085597991943,0.6981809139251709
U07,LeakyReLU,2.85,2.5,0.35,-0.2811120133084578,0.9811120133084578,-0.1,-0.7601282538267502,0.5601282538267502,20,20,2.59919784243406,2.4486095342361547,-0.15058830819790536,0.988084077835083,0.9938607215881348,-0.005776643753051758,0.9426105131279203,0.9615140113461264,-0.018903498218206027,0.6845617294311523,0.598469614982605,-0.08609211444854736,2.784123182296753,3.3971099853515625,-0.6129868030548096,0.149323970079422,0.14188000559806824,-0.00744396448135376,0.01938265934586525,0.01399967074394226,-0.005382988601922989,0.9199522102747909,0.929678188319428,-0.00972597804463704,3.6312508583068848,2.8547914028167725,0.7764594554901123
U08,Snake,3.2,2.25,0.95,0.534851935416704,1.365148064583296,0.3,-0.20589327762036708,0.8058932776203671,20,20,2.4551409309951673,2.387846122031496,-0.06729480896367113,0.9867363572120667,0.9918314218521118,-0.005095064640045166,0.9448617358489436,0.9563604105514862,-0.011498674702542622,0.6184234023094177,0.5865939855575562,-0.03182941675186157,3.1256260871887207,3.874791145324707,-0.7491650581359863,0.12461279332637787,0.09290947765111923,-0.031703315675258636,0.020342128351330757,0.017439337447285652,-0.002902790904045105,0.9389312977099237,0.9574266792809839,-0.018495381571060232,3.403104305267334,2.8545403480529785,0.5485639572143555
U08,LeakyReLU,3.0,1.95,1.05,0.6636176269558931,1.436382373044107,0.75,0.10802155819755788,1.3919784418024421,20,20,2.598282071362453,2.4599411321553517,-0.13834093920710133,0.9844423532485962,0.9909963607788086,-0.006554007530212402,0.93992516620187,0.9523951529172351,-0.012469986715365033,0.6070008277893066,0.5560212135314941,-0.0509796142578125,3.3342325687408447,3.698641300201416,-0.3644087314605713,0.11891409009695053,0.1050296276807785,-0.013884462416172028,0.018986055627465248,0.018291711807250977,-0.0006943438202142715,0.940733772342427,0.957983193277311,-0.017249420934883908,3.5361483097076416,2.7462027072906494,0.7899456024169922
U09,Snake,4.05,3.4,0.65,0.1401344202891428,1.1598655797108572,0.65,-0.033719317649017366,1.3337193176490174,20,20,2.5972893279454783,2.570312935586289,-0.02697639235918947,0.98779296875,0.9914361238479614,-0.0036431550979614258,0.9588816196456061,0.955755227349754,0.0031263922958520984,0.50907963514328,0.5027096271514893,-0.0063700079917907715,3.1735212802886963,3.561429023742676,-0.3879077434539795,0.13539747893810272,0.10822837054729462,-0.027169108390808105,0.014790583401918411,0.012507949955761433,-0.0022826334461569786,0.9219047619047619,0.9333333333333333,-0.011428571428571455,4.148618698120117,3.9415693283081055,0.20704936981201172
U09,LeakyReLU,4.0,3.1,0.9,0.4470060284951427,1.3529939715048573,0.15,-0.25955658957175176,0.5595565895717517,20,20,2.6535044598986106,2.620395933290906,-0.03310852660770447,0.9847705960273743,0.9909833073616028,-0.006212711334228516,0.952675686409432,0.9540380770845666,-0.0013623906751345505,0.5136463046073914,0.5050944685935974,-0.008551836013793945,3.5049827098846436,3.588416576385498,-0.08343386650085449,0.11015165597200394,0.10447428375482559,-0.005677372217178345,0.017903737723827362,0.011733338236808777,-0.006170399487018585,0.9480401093892434,0.9481621112158342,-0.000122001826590723,4.18533182144165,3.56561279296875,0.6197190284729004
U10,Snake,3.85,2.85,1.0,0.4963906766066858,1.5036093233933143,1.35,0.6833550210206508,2.0166449789793495,20,20,2.6058021623724117,2.482563549903056,-0.12323861246935586,0.9860527515411377,0.9918840527534485,-0.005831301212310791,0.953196408905551,0.9588288502694565,-0.005632441363905505,0.5423482656478882,0.506708562374115,-0.03563970327377319,3.3346035480499268,3.6504054069519043,-0.31580185890197754,0.1018778458237648,0.08046740293502808,-0.021410442888736725,0.014505919069051743,0.010878394357860088,-0.003627524711191654,0.9568892645815723,0.9683860232945092,-0.011496758712936872,4.0400848388671875,3.1288037300109863,0.9112811088562012
U10,LeakyReLU,3.6,3.1,0.5,-0.03684934255409433,1.0368493425540943,0.95,0.29733602356501365,1.6026639764349864,20,20,2.6680087716942613,2.534244041296286,-0.1337647303979752,0.9839221239089966,0.9911206960678101,-0.0071985721588134766,0.9478332948779643,0.9570812134330319,-0.009247918555067569,0.5719870924949646,0.5271590352058411,-0.044828057289123535,3.174370527267456,3.674901008605957,-0.500530481338501,0.11528313905000687,0.09897327423095703,-0.016309864819049835,0.015208560973405838,0.012312815524637699,-0.002895745448768139,0.9421768707482994,0.9432098765432099,-0.001033005794910502,3.89127516746521,2.8961052894592285,0.9951698780059814
U11,Snake,2.8,2.3,0.5,0.08415828737311837,0.9158417126268816,0.6,0.32001363798319094,0.879986362016809,20,20,2.6939280350394452,2.596585282809604,-0.09734275222984135,0.9846658110618591,0.991592526435852,-0.00692671537399292,0.9507044123837473,0.9606185634720564,-0.009914151088309175,0.6367687582969666,0.5877304077148438,-0.0490383505821228,3.450293779373169,3.8419835567474365,-0.3916897773742676,0.10910507291555405,0.08070576190948486,-0.028399311006069183,0.013501475565135479,0.012338143773376942,-0.0011633317917585373,0.9154411764705882,0.9416195856873822,-0.02617840921679404,3.606656551361084,3.145969867706299,0.46068668365478516
U11,LeakyReLU,2.7,2.45,0.25,-0.22716213294288456,0.7271621329428846,0.7,0.12982656995817388,1.270173430041826,20,20,2.8034563465858957,2.696852448467879,-0.10660389811801663,0.9836958646774292,0.9909751415252686,-0.0072792768478393555,0.9437481754797313,0.9595665504209497,-0.015818374941218405,0.6370302438735962,0.5959916114807129,-0.0410386323928833,3.4262564182281494,3.7633988857269287,-0.3371424674987793,0.12679243087768555,0.10124138742685318,-0.025551043450832367,0.01621212065219879,0.01355507131665945,-0.002657049335539341,0.908411214953271,0.9185185185185185,-0.010107303565247472,3.544605016708374,2.945709466934204,0.5988955497741699
U12,Snake,3.55,2.4,1.15,0.5967585843142158,1.703241415685784,0.75,0.07305873637721438,1.4269412636227856,20,20,2.5189619914895065,2.535383394482722,0.016421402993215484,0.9850810170173645,0.9903642535209656,-0.005283236503601074,0.9633861881376878,0.9631544845161858,0.00023170362150204404,0.530897855758667,0.560309112071991,0.029411256313323975,3.626023769378662,3.8735194206237793,-0.2474956512451172,0.11112766712903976,0.07383358478546143,-0.03729408234357834,0.012489508837461472,0.010297005996108055,-0.0021925028413534164,0.9437939110070258,0.9634864546525324,-0.019692543645506544,4.275951385498047,3.0945990085601807,1.1813523769378662
U12,LeakyReLU,3.35,2.0,1.35,0.9404434104282484,1.7595565895717518,1.55,1.163617626955893,1.936382373044107,20,20,2.6004319353442313,2.5687541481851155,-0.031677787159115844,0.9807388782501221,0.988683819770813,-0.007944941520690918,0.956219112286976,0.9603654672018688,-0.004146354914892791,0.6081025004386902,0.5759685039520264,-0.03213399648666382,3.546137809753418,3.869110584259033,-0.32297277450561523,0.130046546459198,0.0729142352938652,-0.057132311165332794,0.012983638793230057,0.010081417858600616,-0.0029022209346294403,0.9472450175849941,0.969626168224299,-0.022381150639304903,4.031650543212891,3.2564961910247803,0.7751543521881104
U13,Snake,2.15,2.0,0.15,-0.1987455310187102,0.4987455310187102,0.5,0.057302691121214167,0.9426973088787858,20,20,2.697761161470017,2.7139841089966468,0.01622294752662956,0.9720072150230408,0.9774965643882751,-0.005489349365234375,0.9673629927841881,0.9714468266691348,-0.004083833884946708,0.5373062491416931,0.5086045265197754,-0.028701722621917725,3.8037643432617188,4.031402587890625,-0.22763824462890625,0.10582737624645233,0.08469834178686142,-0.021129034459590912,0.016767490655183792,0.011017758399248123,-0.005749732255935669,0.9547218628719275,0.9652509652509652,-0.010529102379037703,3.106860399246216,2.57383394241333,0.5330264568328857
U13,LeakyReLU,2.35,2.0,0.35,-0.05955658957175175,0.7595565895717518,0.7,0.2174324596355275,1.1825675403644724,20,20,2.9397452532983324,2.7391375485590586,-0.2006077047392738,0.96503084897995,0.9749512672424316,-0.00992041826248169,0.9593138921578138,0.9696050580725689,-0.010291165914755096,0.5984948873519897,0.5150649547576904,-0.08342993259429932,3.613187313079834,4.03865909576416,-0.42547178268432617,0.09971293807029724,0.06433331966400146,-0.035379618406295776,0.01766093075275421,0.010341783985495567,-0.007319146767258644,0.948849104859335,0.9766233766233766,-0.02777427176404157,3.334956169128418,2.5359368324279785,0.7990193367004395
U14,Snake,3.5,3.1,0.4,0.015861880439351828,0.7841381195606483,0.85,0.38756108001405587,1.312438919985944,20,20,2.61194758987554,2.3923861953143057,-0.21956139456123447,0.992137610912323,0.9952524900436401,-0.0031148791313171387,0.9449964301827142,0.9560827916191853,-0.011086361436471126,0.5376291275024414,0.5132948160171509,-0.024334311485290527,3.203582286834717,3.5779471397399902,-0.37436485290527344,0.15629644691944122,0.10308588296175003,-0.05321056395769119,0.01693120226264,0.011952951550483704,-0.004978250712156296,0.931958762886598,0.9516957862281603,-0.019737023341562354,3.967869281768799,2.8929669857025146,1.0749022960662842
U14,LeakyReLU,3.3,2.9,0.4,0.015861880439351828,0.7841381195606483,0.5,-0.11679293601094987,1.1167929360109499,20,20,2.6793760631124997,2.4301814901670875,-0.24919457294541214,0.9889163970947266,0.9944000244140625,-0.0054836273193359375,0.93297014043592,0.953770130951164,-0.02079999051524406,0.6030207872390747,0.5079536437988281,-0.09506714344024658,2.832900285720825,3.672393798828125,-0.8394935131072998,0.14110806584358215,0.11409220099449158,-0.027015864849090576,0.016498420387506485,0.011385831981897354,-0.005112588405609131,0.9346938775510204,0.9417879417879418,-0.0070940642369213824,3.9157233238220215,3.0963263511657715,0.81939697265625
U15,Snake,2.5,1.85,0.65,0.3012544689812899,0.9987455310187101,0.5,0.057302691121214167,0.9426973088787858,20,20,2.771019282721948,2.7121470911143883,-0.05887219160755963,0.9919319152832031,0.9949353933334351,-0.0030034780502319336,0.9645567032494154,0.9689292345251187,-0.004372531275703251,0.5751560926437378,0.5489803552627563,-0.026175737380981445,3.506356954574585,3.9460206031799316,-0.4396636486053467,0.11905492097139359,0.09882891923189163,-0.020226001739501953,0.01677132397890091,0.012740791775286198,-0.004030532203614712,0.9375,0.945179584120983,-0.0076795841209830185,4.023774147033691,3.2994725704193115,0.7243015766143799
U15,LeakyReLU,2.5,1.65,0.85,0.38756108001405587,1.312438919985944,0.45,-0.12770577011458345,1.0277057701145835,20,20,2.8658202016240577,2.720686381101876,-0.1451338205221817,0.9897599220275879,0.9940868020057678,-0.004326879978179932,0.9575492210910342,0.9675053077808116,-0.009956086689777321,0.6085788011550903,0.5884007215499878,-0.02017807960510254,3.6945900917053223,3.8415937423706055,-0.1470036506652832,0.13476978242397308,0.11307982355356216,-0.02168995887041092,0.017760930582880974,0.013385008089244366,-0.004375922493636608,0.9171270718232044,0.9395348837209302,-0.022407811897725782,4.0393781661987305,3.127213478088379,0.9121646881103516
U16,Snake,2.95,2.65,0.3,-0.07502682797524302,0.6750268279752429,0.3,-0.2900460301143651,0.8900460301143651,20,20,2.7235731329751216,2.52771694608469,-0.1958561868904316,0.987716555595398,0.9921733140945435,-0.004456758499145508,0.9592221818811187,0.9646190238006825,-0.0053968419195637996,0.5491136312484741,0.5167505145072937,-0.03236311674118042,3.1327064037323,3.583848237991333,-0.4511418342590332,0.12061645090579987,0.08574292063713074,-0.03487353026866913,0.014440742321312428,0.00995353702455759,-0.004487205296754837,0.9290206648697215,0.9591474245115453,-0.030126759641823875,3.199913263320923,2.5932724475860596,0.6066408157348633
U16,LeakyReLU,2.65,2.15,0.5,0.14389443235981847,0.8561055676401815,0.45,0.007954195975894918,0.892045804024105,20,20,2.714074122870786,2.5792052826731124,-0.13486884019767365,0.9839563965797424,0.9913129806518555,-0.007356584072113037,0.952999664326441,0.9621859797039988,-0.009186315377557763,0.5555344223976135,0.5177502632141113,-0.0377841591835022,3.203965425491333,3.465250015258789,-0.26128458976745605,0.14768476784229279,0.10377009212970734,-0.04391467571258545,0.018576372414827347,0.01111252885311842,-0.007463843561708927,0.9374433363553943,0.9359783588818755,0.0014649774735188137,3.1425294876098633,2.597554922103882,0.5449745655059814
U17,Snake,3.35,2.1,1.25,0.7728378670571154,1.7271621329428846,1.2,0.6198051801423149,1.7801948198576851,20,20,2.4751848791649547,2.414404110468751,-0.06078076869620386,0.9856931567192078,0.9924440383911133,-0.006750881671905518,0.9500101327530618,0.9642103909990297,-0.014200258245967934,0.6156141757965088,0.5564985275268555,-0.05911564826965332,3.2213923931121826,3.4183547496795654,-0.1969623565673828,0.14449425041675568,0.12920604646205902,-0.015288203954696655,0.10476551949977875,0.1356630027294159,0.030897483229637146,0.9019607843137255,0.9117647058823529,-0.009803921568627416,4.002880573272705,3.205599546432495,0.79728102684021
U17,LeakyReLU,2.95,2.55,0.4,-0.11268409526714995,0.91268409526715,0.95,0.43563220859048657,1.4643677914095132,20,20,2.5988291676857584,2.4919306998422392,-0.1068984678435192,0.9820893406867981,0.9915950298309326,-0.009505689144134521,0.9455452144889863,0.9643061979025135,-0.018760983413527166,0.6124354600906372,0.5726876258850098,-0.03974783420562744,3.4260125160217285,3.4948270320892334,-0.06881451606750488,0.15361006557941437,0.15878374874591827,0.005173683166503906,0.11814854294061661,0.04702623561024666,-0.07112230733036995,0.9037037037037037,0.8804554079696395,0.023248295734064173,3.579097270965576,3.08693790435791,0.492159366607666
U18,Snake,4.25,2.7,1.55,1.058555549923046,2.041444450076954,0.7,-0.0607365450235271,1.460736545023527,20,20,2.5924325756737923,2.5179254285124273,-0.07450714716136497,0.9918178915977478,0.9955540299415588,-0.003736138343811035,0.9621028343987105,0.9656892819703707,-0.0035864475716602673,0.6580118536949158,0.5833827257156372,-0.07462912797927856,2.81868314743042,2.9640204906463623,-0.14533734321594238,0.1329767107963562,0.11301583051681519,-0.019960880279541016,0.013692706823348999,0.01132837776094675,-0.0023643290624022484,0.9210810810810811,0.9196919691969196,0.0013891118841614647,3.9632487297058105,3.1737215518951416,0.789527177810669
U18,LeakyReLU,3.95,2.95,1.0,0.37393146175755,1.62606853824245,0.4,-0.42332458571634757,1.2233245857163477,20,20,2.717832900595099,2.6201706177023567,-0.09766228289274226,0.9884858131408691,0.99449223279953,-0.006006419658660889,0.9476668523000272,0.9638177339828075,-0.016150881682780227,0.6623728275299072,0.592176079750061,-0.07019674777984619,2.852113962173462,3.3580727577209473,-0.5059587955474854,0.1656162440776825,0.11601144075393677,-0.04960480332374573,0.019159812480211258,0.013172119855880737,-0.005987692624330521,0.89419795221843,0.9213973799126638,-0.02719942769423378,3.7464239597320557,3.162670373916626,0.5837535858154297
U19,Snake,3.6,3.15,0.45,-0.16632549150575143,1.0663254915057514,-0.05,-0.4920458040241051,0.3920458040241051,20,20,2.847088294640794,2.638900888918997,-0.20818740572179673,0.9891641736030579,0.994384765625,-0.005220592021942139,0.9540063746805519,0.9658226170829071,-0.011816242402355126,0.5512896776199341,0.4667484164237976,-0.08454126119613647,3.688992738723755,3.9723029136657715,-0.2833101749420166,0.11764991283416748,0.09220106154680252,-0.02544885128736496,0.013788895681500435,0.011637527495622635,-0.0021513681858778,0.903485254691689,0.9287598944591029,-0.025274639767413842,3.6266937255859375,3.1341872215270996,0.4925065040588379
U19,LeakyReLU,3.25,2.95,0.3,-0.2900460301143651,0.8900460301143651,0.35,-0.2237008291418724,0.9237008291418723,20,20,2.922135697181815,2.691876200491417,-0.2302594966903979,0.9862868785858154,0.992763102054596,-0.006476223468780518,0.9458447473936666,0.9580419008948966,-0.012197153501229963,0.5863937139511108,0.5311907529830933,-0.05520296096801758,3.3374040126800537,3.639465808868408,-0.3020617961883545,0.11131665855646133,0.11478444933891296,0.0034677907824516296,0.013524613343179226,0.011779163032770157,-0.001745450310409069,0.9185580774365821,0.917900403768506,0.0006576736680761197,3.5775444507598877,3.105072498321533,0.4724719524383545
U20,Snake,3.2,2.85,0.35,-0.20324141568578424,0.9032414156857842,1.1,0.5761934801819218,1.6238065198180784,20,20,2.7143675536863463,2.5651005371028317,-0.1492670165835146,0.9900882840156555,0.9947490096092224,-0.0046607255935668945,0.9377250151248512,0.9538141046406555,-0.016089089515804345,0.697831392288208,0.595360517501831,-0.10247087478637695,2.9042327404022217,3.1238760948181152,-0.21964335441589355,0.2035641074180603,0.1865004003047943,-0.01706370711326599,0.02649955451488495,0.012285207398235798,-0.01421434711664915,0.834403080872914,0.8676671214188267,-0.0332640405459127,4.05376672744751,3.1617753505706787,0.891991376876831
U20,LeakyReLU,3.35,2.6,0.75,0.38195463349967473,1.1180453665003252,0.55,-0.13708327063904724,1.2370832706390473,20,20,2.8062850488555995,2.6087748839162472,-0.19751016493935225,0.9879311919212341,0.9944925308227539,-0.006561338901519775,0.9208701353476832,0.9544434176007104,-0.03357328225302714,0.7086942195892334,0.5843594074249268,-0.12433481216430664,2.7102274894714355,3.464404582977295,-0.7541770935058594,0.1909026950597763,0.1674882471561432,-0.023414447903633118,0.03411609306931496,0.012765533290803432,-0.021350559778511524,0.8391608391608392,0.8856382978723404,-0.04647745871150122,3.8705081939697266,3.2274458408355713,0.6430623531341553
